100034 ,201501,20150105,6,40
100034 ,201501,20150107,,4
100034 ,201501,20150109,1,12
100034 ,201501,20150112,,1
100034 ,201501,20150113,,6
100034 ,201501,20150114,2,38
100034 ,201501,20150116,2,41
100034 ,201501,20150118,,24
100034 ,201501,20150120,,6
100034 ,201501,20150122,,6
100034 ,201501,20150126,,5
100034 ,201501,20150127,,40
100034 ,201501,20150128,,14
100034 ,201501,20150129,,3
100034 ,201502,20150202,,17
100034 ,201502,20150203,,3
100034 ,201502,20150204,1,12
100034 ,201502,20150205,,1
100034 ,201502,20150209,1,9
100034 ,201502,20150210,,11
100034 ,201502,20150211,1,34
100034 ,201502,20150212,,25
100034 ,201502,20150213,,1
100034 ,201502,20150214,1,61
100034 ,201502,20150215,1,6
100034 ,201502,20150223,1,9
100034 ,201502,20150224,,7
100034 ,201502,20150225,1,11
100034 ,201502,20150226,1,16
100034 ,201502,20150227,1,22
100034 ,201503,20150302,1,23
100034 ,201503,20150303,,5
100034 ,201503,20150304,,1
100034 ,201503,20150305,,19
100081 ,201501,20150107,,2
100081 ,201501,20150108,2,18
100081 ,201501,20150109,,12
100081 ,201501,20150110,2,17
100081 ,201501,20150111,1,12
100081 ,201501,20150112,2,19
100081 ,201501,20150113,1,14
100081 ,201501,20150114,2,18
100081 ,201501,20150115,,4
100081 ,201501,20150116,,1
100081 ,201501,20150117,,7
100081 ,201501,20150119,10,89
100081 ,201501,20150120,1,20
100081 ,201501,20150121,4,30
100081 ,201501,20150122,,7
100081 ,201501,20150123,2,38
100081 ,201501,20150124,,1
100081 ,201501,20150126,3,26
100081 ,201501,20150127,6,26
100081 ,201501,20150128,,14
100081 ,201501,20150129,3,35
100081 ,201501,20150130,6,42
100081 ,201501,20150131,4,20
100081 ,201502,20150201,,1
100081 ,201502,20150202,5,43
100081 ,201502,20150203,13,69
100081 ,201502,20150204,5,33
100081 ,201502,20150205,5,35
100081 ,201502,20150206,5,38
100081 ,201502,20150207,4,39
100081 ,201502,20150209,3,14
100081 ,201502,20150210,,13
100081 ,201502,20150211,1,11
100081 ,201502,20150212,3,9
100081 ,201502,20150213,,1
100081 ,201502,20150220,14,53
100081 ,201502,20150221,11,42
100081 ,201502,20150222,1,11
100081 ,201502,20150223,1,19
100081 ,201502,20150224,3,20
100081 ,201502,20150225,,23
100081 ,201502,20150226,12,82
100081 ,201502,20150227,4,47
100081 ,201502,20150228,5,30
100081 ,201503,20150301,,2
100081 ,201503,20150302,5,31
100081 ,201503,20150303,7,53
100081 ,201503,20150304,2,20
100081 ,201503,20150305,8,43
100081 ,201503,20150306,1,44
100081 ,201503,20150307,5,40
100086 ,201501,20150105,,9
100086 ,201501,20150106,,3
100086 ,201501,20150107,,13
100086 ,201501,20150108,,35
100086 ,201501,20150109,,9
100086 ,201501,20150112,,21
100086 ,201501,20150113,,2
100086 ,201501,20150114,,22
100086 ,201501,20150115,,11
100086 ,201501,20150116,,1
100086 ,201501,20150119,,7
100086 ,201501,20150120,,17
100086 ,201501,20150121,,13
100086 ,201501,20150122,,17
100086 ,201501,20150123,,11
100086 ,201501,20150126,,20
100086 ,201501,20150127,,4
100086 ,201501,20150128,,10
100086 ,201501,20150129,,22
100086 ,201502,20150202,,26
100086 ,201502,20150203,53,823
100086 ,201502,20150204,1,12
100086 ,201502,20150211,,14
100086 ,201502,20150212,,3
100086 ,201502,20150213,,14
100086 ,201502,20150216,,8
100086 ,201502,20150223,,18
100086 ,201502,20150224,,9
100086 ,201502,20150225,,1
100086 ,201502,20150226,,7
100086 ,201502,20150227,,11
100086 ,201502,20150228,,1
100086 ,201503,20150302,,12
100086 ,201503,20150303,,3
100086 ,201503,20150304,,9
100086 ,201503,20150305,,16
100086 ,201503,20150306,,20
100086 ,201503,20150307,,3
100102 ,201501,20150101,,11
100102 ,201501,20150102,,6
100102 ,201501,20150103,,18
100102 ,201501,20150104,,21
100102 ,201501,20150105,,8
100102 ,201501,20150106,,24
100102 ,201501,20150107,,16
100102 ,201501,20150113,,18
100102 ,201501,20150114,,15
100102 ,201501,20150117,,12
100102 ,201501,20150121,,15
100102 ,201501,20150122,,6
100102 ,201501,20150127,,18
100102 ,201501,20150128,,5
100102 ,201501,20150129,,6
100102 ,201501,20150130,,16
100102 ,201502,20150204,,5
100102 ,201502,20150205,,6
100102 ,201502,20150208,,11
100102 ,201502,20150209,,5
100102 ,201502,20150211,,5
100102 ,201502,20150224,,12
100102 ,201502,20150225,,5
100102 ,201502,20150226,,6
100102 ,201502,20150227,,7
100102 ,201502,20150228,,29
100102 ,201503,20150301,,26
100102 ,201503,20150302,,10
100102 ,201503,20150303,,6
100102 ,201503,20150304,,5
100105 ,201501,20150105,,3
100105 ,201501,20150108,,1
100105 ,201501,20150111,,15
100105 ,201501,20150112,,3
100105 ,201501,20150114,,4
100105 ,201501,20150115,,1
100105 ,201502,20150202,,1
100105 ,201502,20150205,,2
100105 ,201502,20150207,,1
100105 ,201502,20150211,,2
100105 ,201502,20150214,1,2
100105 ,201502,20150216,,4
100105 ,201503,20150302,,2
100105 ,201503,20150304,,2
100105 ,201503,20150305,,1
100105 ,201503,20150306,,1
100125 ,201501,20150105,,6
100125 ,201501,20150107,1,9
100125 ,201501,20150115,,6
100125 ,201501,20150128,,6
100125 ,201502,20150202,,6
100125 ,201502,20150211,,6
100125 ,201502,20150213,1,14
100125 ,201503,20150303,,8
100175 ,201501,20150102,,14
100175 ,201501,20150106,,7
100175 ,201501,20150107,2,16
100175 ,201501,20150108,4,25
100175 ,201501,20150109,,15
100175 ,201501,20150111,,2
100175 ,201501,20150112,,4
100175 ,201501,20150113,,14
100175 ,201501,20150114,2,10
100175 ,201501,20150115,2,28
100175 ,201501,20150116,,7
100175 ,201501,20150117,,1
100175 ,201501,20150118,,5
100175 ,201501,20150119,1,4
100175 ,201501,20150120,,2
100175 ,201501,20150121,2,11
100175 ,201501,20150122,3,29
100175 ,201501,20150126,,1
100175 ,201501,20150127,,7
100175 ,201501,20150128,1,5
100175 ,201501,20150130,,8
100175 ,201501,20150131,,1
100175 ,201502,20150204,4,14
100175 ,201502,20150205,3,16
100175 ,201502,20150206,3,22
100175 ,201502,20150208,,1
100175 ,201502,20150209,1,2
100175 ,201502,20150210,3,14
100175 ,201502,20150211,2,11
100175 ,201502,20150212,2,17
100175 ,201502,20150213,2,16
100175 ,201502,20150214,2,7
100175 ,201502,20150215,,4
100175 ,201502,20150216,4,9
100175 ,201502,20150217,2,14
100175 ,201502,20150222,,1
100175 ,201502,20150224,2,15
100175 ,201502,20150225,4,16
100175 ,201502,20150226,4,18
100175 ,201502,20150227,2,16
100175 ,201502,20150228,1,8
100175 ,201503,20150301,1,1
100175 ,201503,20150302,,2
100175 ,201503,20150303,1,8
100175 ,201503,20150304,7,27
100175 ,201503,20150305,5,19
100175 ,201503,20150306,,3
100175 ,201503,20150308,,4
100180 ,201501,20150115,1,16
100180 ,201501,20150122,,35
100180 ,201501,20150128,,12
100180 ,201501,20150129,,10
100180 ,201502,20150206,,24
100180 ,201502,20150220,,11
100180 ,201502,20150221,1,29
100235 ,201501,20150101,5,37
100235 ,201501,20150102,4,44
100235 ,201501,20150107,1,22
100235 ,201501,20150108,2,29
100235 ,201501,20150109,1,10
100235 ,201501,20150111,7,64
100235 ,201501,20150112,,28
100235 ,201501,20150113,1,10
100235 ,201501,20150115,6,70
100235 ,201501,20150116,3,43
100235 ,201501,20150117,3,40
100235 ,201501,20150118,11,106
100235 ,201501,20150120,2,19
100235 ,201501,20150121,3,17
100235 ,201501,20150128,7,99
100235 ,201501,20150129,9,123
100235 ,201501,20150130,1,35
100235 ,201502,20150201,2,16
100235 ,201502,20150202,11,87
100235 ,201502,20150203,,3
100235 ,201502,20150205,,8
100235 ,201502,20150211,5,77
100235 ,201502,20150212,1,13
100235 ,201502,20150213,6,54
100235 ,201502,20150215,5,54
100235 ,201502,20150220,2,17
100235 ,201502,20150221,13,125
100235 ,201502,20150222,1,25
100235 ,201502,20150225,2,15
100235 ,201502,20150226,8,73
100235 ,201502,20150227,6,59
100235 ,201502,20150228,1,12
100235 ,201503,20150301,,10
100235 ,201503,20150302,,10
100235 ,201503,20150303,7,51
100235 ,201503,20150305,1,4
100235 ,201503,20150306,2,27
100235 ,201503,20150307,1,7
100235 ,201503,20150308,,2
101001 ,201501,20150107,,36
101001 ,201501,20150112,,24
101001 ,201501,20150114,,12
101001 ,201501,20150115,,24
101001 ,201501,20150120,,2
101001 ,201501,20150126,,6
101001 ,201501,20150128,,12
101001 ,201502,20150212,,7
101001 ,201502,20150216,,24
101001 ,201502,20150218,,12
101001 ,201502,20150223,,1
101001 ,201502,20150226,,13
101007 ,201501,20150112,5,8
101007 ,201501,20150119,1,4
101007 ,201501,20150122,1,5
101007 ,201501,20150126,2,5
101007 ,201502,20150209,7,25
101007 ,201502,20150212,1,4
101007 ,201502,20150218,,2
101007 ,201502,20150222,3,7
101007 ,201502,20150223,5,9
101007 ,201503,20150302,12,24
101022 ,201501,20150106,,5
101022 ,201501,20150107,,4
101022 ,201501,20150112,,9
101022 ,201501,20150120,,4
101022 ,201502,20150202,,8
101022 ,201502,20150204,,3
101022 ,201502,20150210,1,5
101022 ,201502,20150212,1,6
101022 ,201502,20150214,,1
101022 ,201502,20150224,,3
101022 ,201502,20150226,,4
101022 ,201503,20150302,,4
101022 ,201503,20150303,,4
101068 ,201501,20150106,,34
101068 ,201501,20150122,,16
101068 ,201502,20150219,,6
101069 ,201501,20150101,,2
101069 ,201501,20150102,,7
101069 ,201501,20150107,,10
101069 ,201501,20150112,,21
101069 ,201501,20150114,,2
101069 ,201501,20150115,,2
101069 ,201501,20150117,,4
101069 ,201501,20150121,,8
101069 ,201501,20150123,,6
101069 ,201501,20150126,,14
101069 ,201501,20150128,,2
101069 ,201501,20150130,,8
101069 ,201501,20150131,,7
101069 ,201502,20150201,,1
101069 ,201502,20150202,,11
101069 ,201502,20150204,,9
101069 ,201502,20150207,,6
101069 ,201502,20150210,,1
101069 ,201502,20150211,,2
101069 ,201502,20150213,,3
101069 ,201502,20150214,,2
101069 ,201502,20150215,,1
101069 ,201502,20150216,,5
101069 ,201502,20150223,,9
101069 ,201502,20150224,,15
101069 ,201502,20150225,,15
101069 ,201502,20150226,,1
101069 ,201502,20150227,,5
101069 ,201502,20150228,,7
101069 ,201503,20150301,,1
101069 ,201503,20150303,,3
101069 ,201503,20150306,,7
101101 ,201501,20150113,,5
101101 ,201501,20150114,,4
101101 ,201501,20150115,,4
101101 ,201501,20150119,,4
101101 ,201501,20150121,,9
101101 ,201501,20150122,,6
101101 ,201501,20150124,,8
101101 ,201501,20150125,,4
101101 ,201501,20150127,,1
101101 ,201502,20150210,,10
101101 ,201502,20150213,,11
101101 ,201502,20150214,,8
101101 ,201502,20150216,,5
101101 ,201502,20150224,,5
101101 ,201503,20150308,,11
101205 ,201501,20150101,,2
101205 ,201501,20150105,,6
101205 ,201501,20150106,,1
101205 ,201501,20150107,,6
101205 ,201501,20150108,,5
101205 ,201501,20150113,,4
101205 ,201501,20150114,,5
101205 ,201501,20150115,,1
101205 ,201501,20150119,,6
101205 ,201501,20150123,,6
101205 ,201501,20150127,1,1
101205 ,201502,20150210,,3
101205 ,201502,20150224,1,1
101206 ,201501,20150102,,9
101206 ,201501,20150106,,59
101206 ,201501,20150108,,63
101206 ,201501,20150111,,9
101206 ,201501,20150116,,9
101206 ,201501,20150120,,49
101206 ,201501,20150127,,45
101206 ,201501,20150129,,23
101206 ,201502,20150203,,9
101206 ,201502,20150210,,11
101206 ,201502,20150212,,32
101206 ,201502,20150213,,37
101206 ,201502,20150218,,13
101206 ,201502,20150224,,39
101206 ,201502,20150227,,11
101206 ,201503,20150306,,11
102025 ,201501,20150105,,9
102025 ,201501,20150106,,55
102025 ,201501,20150107,,3
102025 ,201501,20150108,,9
102025 ,201501,20150109,,18
102025 ,201501,20150113,,45
102025 ,201501,20150114,,29
102025 ,201501,20150115,,18
102025 ,201501,20150116,,9
102025 ,201501,20150120,,18
102025 ,201501,20150122,,9
102025 ,201501,20150123,,11
102025 ,201501,20150126,,12
102025 ,201501,20150127,,27
102025 ,201501,20150128,,10
102025 ,201501,20150130,,18
102025 ,201502,20150203,,54
102025 ,201502,20150205,,26
102025 ,201502,20150206,2,31
102025 ,201502,20150207,2,6
102025 ,201502,20150208,1,1
102025 ,201502,20150210,4,16
102025 ,201502,20150213,6,17
102025 ,201502,20150214,4,18
102025 ,201502,20150215,,1
102025 ,201502,20150216,2,4
102025 ,201502,20150224,6,24
102025 ,201502,20150225,2,8
102025 ,201502,20150226,2,9
102025 ,201502,20150228,6,11
102025 ,201503,20150303,2,8
102025 ,201503,20150304,2,2
102025 ,201503,20150305,4,16
102025 ,201503,20150306,2,16
102025 ,201503,20150307,1,1
102025 ,201503,20150308,2,2
102030 ,201501,20150108,1,98
102030 ,201501,20150109,,12
102030 ,201501,20150115,3,74
102030 ,201501,20150116,,16
102030 ,201501,20150119,,1
102030 ,201501,20150121,,2
102030 ,201501,20150128,,11
102030 ,201501,20150129,,10
102030 ,201501,20150130,,9
102030 ,201502,20150204,1,25
102030 ,201502,20150205,,3
102030 ,201502,20150212,,2
102030 ,201502,20150213,1,18
102030 ,201502,20150218,,15
102030 ,201502,20150219,,2
102030 ,201503,20150305,3,47
102052 ,201501,20150102,5,69
102052 ,201501,20150103,1,10
102052 ,201501,20150105,5,83
102052 ,201501,20150106,1,37
102052 ,201501,20150107,1,29
102052 ,201501,20150108,3,59
102052 ,201501,20150109,2,39
102052 ,201501,20150112,,20
102052 ,201501,20150113,,12
102052 ,201501,20150114,11,144
102052 ,201501,20150115,,14
102052 ,201501,20150116,1,44
102052 ,201501,20150117,,24
102052 ,201501,20150119,,25
102052 ,201501,20150120,1,49
102052 ,201501,20150121,8,84
102052 ,201501,20150122,,26
102052 ,201501,20150126,2,45
102052 ,201501,20150127,5,111
102052 ,201501,20150128,1,6
102052 ,201501,20150129,,23
102052 ,201501,20150130,2,50
102052 ,201502,20150202,2,45
102052 ,201502,20150203,15,167
102052 ,201502,20150204,2,28
102052 ,201502,20150205,5,37
102052 ,201502,20150206,1,20
102052 ,201502,20150209,,10
102052 ,201502,20150210,1,41
102052 ,201502,20150211,4,45
102052 ,201502,20150212,1,30
102052 ,201502,20150213,,28
102052 ,201502,20150214,1,20
102052 ,201502,20150216,2,21
102052 ,201502,20150217,4,50
102052 ,201502,20150223,1,13
102052 ,201502,20150224,3,81
102052 ,201502,20150225,,21
102052 ,201502,20150226,,42
102052 ,201502,20150227,4,45
102052 ,201503,20150302,2,64
102052 ,201503,20150303,,24
102052 ,201503,20150304,1,34
102052 ,201503,20150306,3,38
102052 ,201503,20150307,1,32
102052 ,201503,20150308,3,26
102059 ,201501,20150102,3,43
102059 ,201501,20150105,4,48
102059 ,201501,20150106,1,52
102059 ,201501,20150107,,36
102059 ,201501,20150108,1,16
102059 ,201501,20150109,,16
102059 ,201501,20150110,,20
102059 ,201501,20150112,,37
102059 ,201501,20150113,1,60
102059 ,201501,20150114,,22
102059 ,201501,20150115,,41
102059 ,201501,20150116,6,121
102059 ,201501,20150119,1,44
102059 ,201501,20150120,2,43
102059 ,201501,20150121,1,22
102059 ,201501,20150122,2,39
102059 ,201501,20150123,1,47
102059 ,201501,20150124,2,46
102059 ,201501,20150126,,34
102059 ,201501,20150127,2,64
102059 ,201501,20150128,,25
102059 ,201501,20150129,,44
102059 ,201501,20150130,3,52
102059 ,201502,20150202,5,66
102059 ,201502,20150203,2,32
102059 ,201502,20150204,,7
102059 ,201502,20150205,1,41
102059 ,201502,20150206,,4
102059 ,201502,20150209,2,34
102059 ,201502,20150210,3,53
102059 ,201502,20150211,,28
102059 ,201502,20150213,,23
102059 ,201502,20150216,2,68
102059 ,201502,20150217,3,67
102059 ,201502,20150225,2,48
102059 ,201502,20150226,3,62
102059 ,201502,20150227,4,40
102059 ,201502,20150228,3,50
102059 ,201503,20150302,2,51
102059 ,201503,20150303,1,30
102059 ,201503,20150304,1,17
102059 ,201503,20150305,12,127
102059 ,201503,20150306,1,38
102076 ,201501,20150123,,1
102156 ,201502,20150224,1,5
102156 ,201503,20150303,,1
102163 ,201501,20150105,1,18
102163 ,201501,20150106,2,13
102163 ,201501,20150107,,17
102163 ,201501,20150109,1,14
102163 ,201501,20150110,2,17
102163 ,201501,20150112,8,83
102163 ,201501,20150113,4,43
102163 ,201501,20150114,3,42
102163 ,201501,20150115,1,17
102163 ,201501,20150116,5,60
102163 ,201501,20150117,2,23
102163 ,201501,20150119,11,53
102163 ,201501,20150120,2,18
102163 ,201501,20150121,3,11
102163 ,201501,20150122,1,4
102163 ,201501,20150123,,8
102163 ,201501,20150124,,3
102163 ,201501,20150126,8,45
102163 ,201501,20150127,1,10
102163 ,201501,20150128,2,6
102163 ,201501,20150129,4,20
102163 ,201501,20150130,1,6
102163 ,201501,20150131,16,84
102163 ,201502,20150202,21,107
102163 ,201502,20150203,1,7
102163 ,201502,20150204,12,40
102163 ,201502,20150205,13,43
102163 ,201502,20150206,6,31
102163 ,201502,20150207,25,96
102163 ,201502,20150209,9,39
102163 ,201502,20150210,7,34
102163 ,201502,20150211,7,32
102163 ,201502,20150213,16,41
102163 ,201502,20150214,8,24
102163 ,201502,20150216,7,30
102163 ,201502,20150217,,4
102191 ,201501,20150104,,2
102191 ,201501,20150126,,1
102191 ,201503,20150305,,2
102199 ,201501,20150102,,18
102199 ,201501,20150108,,11
102199 ,201501,20150117,,14
102199 ,201501,20150118,,6
102199 ,201501,20150121,,5
102199 ,201501,20150122,,6
102199 ,201501,20150123,,8
102199 ,201501,20150128,,4
102199 ,201501,20150129,2,6
102199 ,201502,20150204,12,35
102199 ,201502,20150211,2,7
102199 ,201502,20150213,3,18
102199 ,201502,20150221,12,19
102199 ,201503,20150306,7,15
102200 ,201501,20150101,,11
102200 ,201501,20150102,,3
102200 ,201501,20150114,,1
102200 ,201501,20150119,,5
102200 ,201501,20150131,,3
102200 ,201502,20150207,,1
102200 ,201503,20150305,,11
103108 ,201501,20150105,,4
103108 ,201501,20150111,,5
103108 ,201501,20150113,,4
103108 ,201501,20150115,,8
103108 ,201501,20150119,,9
103108 ,201501,20150128,,7
103108 ,201501,20150131,,8
103108 ,201502,20150201,,1
103108 ,201502,20150202,,7
103108 ,201502,20150203,,8
103108 ,201502,20150204,,2
103108 ,201502,20150205,,2
103108 ,201502,20150206,,2
103108 ,201502,20150207,,5
103108 ,201502,20150209,,8
103108 ,201502,20150211,,7
103108 ,201502,20150220,,6
103108 ,201502,20150221,,6
103108 ,201502,20150222,,5
103108 ,201502,20150223,1,9
103108 ,201502,20150225,,7
103108 ,201502,20150226,,5
103108 ,201503,20150302,,9
103108 ,201503,20150303,,7
103108 ,201503,20150304,,8
103108 ,201503,20150305,,1
103113 ,201501,20150101,,6
103113 ,201501,20150102,,1
103113 ,201501,20150105,,15
103113 ,201501,20150106,,4
103113 ,201501,20150107,,5
103113 ,201501,20150108,,2
103113 ,201501,20150109,5,29
103113 ,201501,20150112,1,15
103113 ,201501,20150114,,5
103113 ,201501,20150116,3,13
103113 ,201501,20150124,,9
103113 ,201501,20150128,,2
103113 ,201501,20150129,,7
103113 ,201502,20150207,,1
103113 ,201502,20150212,1,13
103189 ,201501,20150102,2,14
103189 ,201501,20150105,2,18
103189 ,201501,20150106,,7
103189 ,201501,20150107,3,40
103189 ,201501,20150108,2,27
103189 ,201501,20150109,2,25
103189 ,201501,20150110,1,14
103189 ,201501,20150112,3,39
103189 ,201501,20150113,1,20
103189 ,201501,20150114,,13
103189 ,201501,20150115,2,43
103189 ,201501,20150116,2,18
103189 ,201501,20150117,,1
103189 ,201501,20150119,2,32
103189 ,201501,20150120,4,39
103189 ,201501,20150121,6,6
103189 ,201501,20150122,1,13
103189 ,201501,20150123,1,9
103189 ,201501,20150124,,4
103189 ,201501,20150126,1,12
103189 ,201501,20150127,1,8
103189 ,201501,20150128,1,11
103189 ,201501,20150129,6,23
103189 ,201501,20150130,5,41
103189 ,201502,20150204,2,5
103189 ,201502,20150205,8,39
103189 ,201502,20150206,,3
103189 ,201502,20150207,1,11
103189 ,201502,20150209,8,67
103189 ,201502,20150210,10,32
103189 ,201502,20150211,1,8
103189 ,201502,20150212,14,53
103189 ,201502,20150213,1,16
103189 ,201502,20150214,5,20
103189 ,201502,20150216,10,48
103189 ,201502,20150217,4,15
103189 ,201502,20150223,9,42
103189 ,201502,20150224,,4
103189 ,201502,20150225,17,68
103189 ,201502,20150226,3,5
103189 ,201502,20150227,2,11
103189 ,201502,20150228,17,70
103189 ,201503,20150302,8,46
103189 ,201503,20150303,1,12
103189 ,201503,20150304,5,30
103189 ,201503,20150305,3,18
103189 ,201503,20150306,10,31
103189 ,201503,20150307,,4
103194 ,201501,20150121,,4
103194 ,201501,20150128,,3
103194 ,201502,20150203,,18
103194 ,201502,20150204,,8
103194 ,201502,20150225,1,10
103194 ,201503,20150303,,7
103194 ,201503,20150305,1,24
103707 ,201501,20150107,,1
103707 ,201501,20150108,,12
103707 ,201501,20150109,1,12
103707 ,201501,20150111,,6
103707 ,201501,20150112,,2
103707 ,201501,20150113,,2
103707 ,201501,20150115,1,25
103707 ,201501,20150116,1,12
103707 ,201501,20150117,1,18
103707 ,201501,20150121,,2
103707 ,201501,20150123,,4
103707 ,201501,20150124,,3
103707 ,201501,20150126,,5
103707 ,201501,20150127,,2
103707 ,201501,20150128,,12
103707 ,201501,20150129,,1
103708 ,201501,20150106,,1
103708 ,201501,20150107,,1
103708 ,201501,20150108,1,7
103708 ,201501,20150110,,2
103708 ,201501,20150112,2,32
103708 ,201501,20150113,,3
103708 ,201501,20150114,,3
103708 ,201501,20150115,1,16
103708 ,201501,20150116,1,12
103708 ,201501,20150117,,6
103708 ,201501,20150118,,2
103708 ,201501,20150119,1,12
103708 ,201501,20150120,,6
103708 ,201501,20150121,,7
103708 ,201501,20150122,,2
103708 ,201501,20150123,,2
103708 ,201501,20150124,1,20
103708 ,201501,20150126,,2
103708 ,201501,20150127,,1
103708 ,201501,20150128,1,10
103709 ,201501,20150106,,1
103709 ,201501,20150107,1,11
103709 ,201501,20150108,,7
103709 ,201501,20150109,2,34
103709 ,201501,20150111,,1
103709 ,201501,20150112,1,9
103709 ,201501,20150113,,1
103709 ,201501,20150114,1,40
103709 ,201501,20150115,,2
103709 ,201501,20150116,,1
103709 ,201501,20150117,,2
103709 ,201501,20150119,,2
103709 ,201501,20150120,1,7
103709 ,201501,20150121,,2
103709 ,201501,20150122,,1
103709 ,201501,20150123,5,35
103709 ,201501,20150126,,2
103709 ,201501,20150127,1,10
103709 ,201501,20150128,,5
103709 ,201501,20150129,1,7
103714 ,201502,20150205,,6
103714 ,201502,20150207,1,13
103714 ,201502,20150209,,15
103714 ,201502,20150210,1,30
103714 ,201502,20150211,,4
103714 ,201502,20150212,,3
103714 ,201502,20150213,7,41
103714 ,201502,20150214,,2
103714 ,201502,20150215,,6
103714 ,201502,20150217,1,8
103714 ,201502,20150223,,4
103714 ,201502,20150224,1,15
103714 ,201502,20150225,,3
103714 ,201502,20150226,,4
103715 ,201502,20150204,,1
103715 ,201502,20150205,,1
103715 ,201502,20150208,2,8
103715 ,201502,20150209,,5
103715 ,201502,20150210,,4
103715 ,201502,20150211,1,4
103715 ,201502,20150212,2,25
103715 ,201502,20150213,1,17
103715 ,201502,20150214,2,8
103715 ,201502,20150216,,13
103715 ,201502,20150217,6,28
103715 ,201502,20150223,,8
103715 ,201502,20150224,1,5
103715 ,201502,20150225,1,5
103715 ,201502,20150226,1,7
103715 ,201502,20150227,,2
103719 ,201501,20150107,,22
103719 ,201501,20150108,,4
103719 ,201501,20150109,1,11
103719 ,201501,20150110,3,24
103719 ,201501,20150113,1,6
103719 ,201501,20150114,,3
103719 ,201501,20150115,,10
103719 ,201501,20150116,,2
103719 ,201501,20150117,1,15
103719 ,201501,20150118,,18
103719 ,201501,20150119,,4
103719 ,201501,20150120,1,11
103719 ,201501,20150121,1,12
103719 ,201501,20150122,,8
103719 ,201501,20150123,1,15
103719 ,201501,20150124,,1
103719 ,201501,20150126,2,13
103719 ,201501,20150127,1,1
103719 ,201501,20150128,2,21
103719 ,201501,20150129,6,38
103719 ,201501,20150130,2,15
103720 ,201503,20150303,,2
103720 ,201503,20150306,,9
103720 ,201503,20150307,,2
103720 ,201503,20150308,,2
104001 ,201501,20150108,,3
104001 ,201501,20150122,2,15
104001 ,201501,20150127,1,10
104001 ,201501,20150129,2,6
104001 ,201501,20150130,,9
104001 ,201502,20150217,1,4
104001 ,201502,20150223,1,10
104001 ,201502,20150224,4,22
104001 ,201503,20150307,,6
104703 ,201503,20150303,,2
104703 ,201503,20150304,3,21
104703 ,201503,20150305,11,22
104703 ,201503,20150306,,3
104703 ,201503,20150307,34,93
104704 ,201503,20150303,4,12
104704 ,201503,20150304,1,3
104704 ,201503,20150305,2,14
104704 ,201503,20150306,9,47
104704 ,201503,20150307,13,28
104704 ,201503,20150308,2,15
104705 ,201503,20150304,,5
104705 ,201503,20150305,1,5
104705 ,201503,20150306,,1
104705 ,201503,20150307,,2
104908 ,201502,20150203,,1
104908 ,201502,20150204,,3
104908 ,201502,20150205,,3
104908 ,201502,20150206,5,40
104908 ,201502,20150207,2,22
104908 ,201502,20150208,3,25
104908 ,201502,20150209,,3
104908 ,201502,20150210,2,13
104908 ,201502,20150211,,3
104908 ,201502,20150212,,6
104908 ,201502,20150213,3,13
104908 ,201502,20150214,1,5
104908 ,201502,20150216,3,28
104908 ,201502,20150217,6,68
104908 ,201502,20150218,,3
104908 ,201502,20150223,21,136
104908 ,201502,20150224,5,23
104908 ,201502,20150225,1,11
104908 ,201502,20150226,5,40
104908 ,201502,20150227,1,15
63440  ,201501,20150102,,8
63440  ,201501,20150103,,17
63440  ,201501,20150106,,8
63440  ,201501,20150107,,8
63440  ,201501,20150108,,3
63440  ,201501,20150109,,17
63440  ,201501,20150110,,6
63440  ,201501,20150113,,15
63440  ,201501,20150114,,9
63440  ,201501,20150115,,5
63440  ,201501,20150116,,14
63440  ,201501,20150117,,5
63440  ,201501,20150118,,3
63440  ,201501,20150120,,9
63440  ,201501,20150121,,16
63440  ,201501,20150122,,10
63440  ,201501,20150123,,4
63440  ,201501,20150124,,13
63440  ,201501,20150127,,7
63440  ,201501,20150128,,4
63440  ,201501,20150130,,12
63440  ,201501,20150131,,8
63440  ,201502,20150203,3,27
63440  ,201502,20150204,,4
63440  ,201502,20150205,1,9
63440  ,201502,20150206,,4
63440  ,201502,20150210,1,5
63440  ,201502,20150211,,4
63440  ,201502,20150213,,12
63440  ,201502,20150214,4,24
63440  ,201502,20150215,1,8
63440  ,201502,20150216,,8
63440  ,201502,20150217,1,10
63440  ,201502,20150218,1,20
63440  ,201502,20150219,1,8
63440  ,201502,20150220,1,11
63440  ,201502,20150221,,4
63440  ,201502,20150222,1,7
63440  ,201502,20150224,,4
63440  ,201502,20150225,,19
63440  ,201502,20150226,2,17
63440  ,201502,20150227,,4
63440  ,201502,20150228,,15
63440  ,201503,20150303,,8
63440  ,201503,20150304,,4
63440  ,201503,20150305,,13
63440  ,201503,20150306,,4
63440  ,201503,20150307,,12
74437  ,201501,20150113,,11
75169  ,201501,20150101,,14
75169  ,201501,20150102,1,25
75169  ,201501,20150103,3,23
75169  ,201501,20150105,8,119
75169  ,201501,20150106,2,14
75169  ,201501,20150110,8,77
75169  ,201501,20150120,5,20
75169  ,201501,20150122,3,10
75169  ,201501,20150123,16,32
75169  ,201501,20150127,11,21
75169  ,201501,20150129,2,14
75169  ,201502,20150201,2,4
75169  ,201502,20150202,32,72
75169  ,201502,20150203,7,22
75169  ,201502,20150204,8,22
75169  ,201502,20150205,7,18
75169  ,201502,20150206,9,25
75169  ,201502,20150207,,3
75169  ,201502,20150209,,7
75169  ,201502,20150210,6,20
75169  ,201502,20150211,5,15
75169  ,201502,20150212,52,155
75169  ,201502,20150220,,3
75169  ,201502,20150221,,5
75169  ,201502,20150222,9,18
75169  ,201502,20150223,10,26
75169  ,201502,20150224,5,11
75169  ,201502,20150225,32,79
75169  ,201502,20150226,33,85
75169  ,201502,20150227,3,15
75169  ,201502,20150228,,8
75169  ,201503,20150301,5,38
75169  ,201503,20150302,44,105
75169  ,201503,20150303,5,10
75169  ,201503,20150304,,7
75169  ,201503,20150305,16,53
75169  ,201503,20150306,6,25
75169  ,201503,20150307,3,7
79473  ,201501,20150102,,7
79473  ,201501,20150105,,8
79473  ,201501,20150107,,11
79473  ,201501,20150108,,5
79473  ,201501,20150109,,6
79473  ,201501,20150114,,7
79473  ,201501,20150115,,6
79473  ,201501,20150121,,8
79473  ,201501,20150122,,10
79473  ,201501,20150123,,13
79473  ,201501,20150126,,10
79473  ,201502,20150205,,2
79473  ,201502,20150206,,9
79473  ,201502,20150207,,8
79473  ,201502,20150208,,4
79473  ,201502,20150217,,4
79473  ,201502,20150219,,6
79473  ,201502,20150223,,10
79473  ,201502,20150224,3,9
79473  ,201502,20150225,,5
79473  ,201502,20150226,,4
79473  ,201502,20150228,12,20
79473  ,201503,20150302,,17
79473  ,201503,20150304,,3
79473  ,201503,20150305,,10
79473  ,201503,20150306,4,8
79473  ,201503,20150307,22,36
80600  ,201501,20150102,37,188
80600  ,201501,20150103,,8
80600  ,201501,20150104,,2
80600  ,201501,20150105,1,12
80600  ,201501,20150106,4,48
80600  ,201501,20150107,,10
80600  ,201501,20150108,5,57
80600  ,201501,20150109,15,42
80600  ,201501,20150110,1,11
80600  ,201501,20150113,3,41
80600  ,201501,20150115,2,55
80600  ,201501,20150116,4,19
80600  ,201501,20150119,11,47
80600  ,201501,20150120,16,38
80600  ,201501,20150121,28,55
80600  ,201501,20150126,12,30
80600  ,201501,20150127,27,47
80600  ,201501,20150128,9,21
80600  ,201501,20150129,10,21
80600  ,201501,20150130,14,39
80600  ,201501,20150131,,13
80600  ,201502,20150201,1,5
80600  ,201502,20150202,9,20
80600  ,201502,20150203,1,3
80600  ,201502,20150204,26,50
80600  ,201502,20150205,19,34
80600  ,201502,20150206,1,2
80600  ,201502,20150207,2,6
80600  ,201502,20150208,1,2
80600  ,201502,20150209,3,10
80600  ,201502,20150210,17,35
80600  ,201502,20150211,78,149
80600  ,201502,20150212,35,73
80600  ,201502,20150213,10,27
80600  ,201502,20150214,8,19
80600  ,201502,20150215,23,42
80600  ,201502,20150216,16,38
80600  ,201502,20150217,,3
80600  ,201502,20150218,29,67
80600  ,201502,20150219,54,122
80600  ,201503,20150302,44,86
80600  ,201503,20150303,14,37
80600  ,201503,20150304,1,6
80600  ,201503,20150306,,1
80600  ,201503,20150307,15,26
83363  ,201501,20150103,,2
83363  ,201501,20150105,1,15
83363  ,201501,20150106,1,13
83363  ,201501,20150109,,2
83363  ,201501,20150110,,4
83363  ,201501,20150113,2,19
83363  ,201501,20150114,4,22
83363  ,201501,20150116,2,23
83363  ,201501,20150117,1,7
83363  ,201501,20150119,29,48
83363  ,201501,20150120,22,26
83363  ,201501,20150121,6,6
83363  ,201501,20150122,2,6
83363  ,201501,20150123,,2
83363  ,201501,20150124,1,3
83363  ,201501,20150126,8,8
83363  ,201501,20150127,12,36
83363  ,201501,20150128,7,15
83363  ,201501,20150129,,1
83363  ,201501,20150130,9,11
83363  ,201501,20150131,11,19
83363  ,201502,20150201,26,35
83363  ,201502,20150202,7,16
83363  ,201502,20150203,10,17
83363  ,201502,20150204,18,26
83363  ,201502,20150205,3,6
83363  ,201502,20150216,13,22
83363  ,201502,20150221,2,5
83363  ,201502,20150222,1,18
83363  ,201502,20150223,13,31
83363  ,201502,20150224,17,29
83363  ,201502,20150225,23,63
83363  ,201502,20150226,5,22
83363  ,201502,20150227,6,14
83363  ,201502,20150228,1,6
83363  ,201503,20150302,6,32
83363  ,201503,20150303,4,23
83363  ,201503,20150304,8,22
83363  ,201503,20150305,6,6
83363  ,201503,20150306,9,21
83363  ,201503,20150307,1,3
84306  ,201501,20150102,4,54
84306  ,201501,20150103,1,27
84306  ,201501,20150104,1,12
84306  ,201501,20150105,5,40
84306  ,201501,20150106,4,50
84306  ,201501,20150107,2,18
84306  ,201501,20150108,1,7
84306  ,201501,20150109,1,14
84306  ,201501,20150110,,3
84306  ,201501,20150112,1,16
84306  ,201501,20150113,,9
84306  ,201501,20150114,1,10
84306  ,201501,20150115,1,10
84306  ,201501,20150116,3,20
84306  ,201501,20150117,5,14
84306  ,201501,20150119,,2
84306  ,201501,20150121,,2
84306  ,201501,20150123,2,8
84306  ,201501,20150124,4,21
84306  ,201501,20150126,,2
84306  ,201501,20150127,4,20
84306  ,201501,20150128,2,8
84306  ,201501,20150129,1,8
84306  ,201501,20150130,1,19
84306  ,201501,20150131,3,19
84306  ,201502,20150202,3,18
84306  ,201502,20150203,5,31
84306  ,201502,20150204,9,24
84306  ,201502,20150205,4,18
84306  ,201502,20150206,9,46
84306  ,201502,20150207,1,9
84306  ,201502,20150211,13,46
84306  ,201502,20150212,3,19
84306  ,201502,20150213,5,26
84306  ,201502,20150214,2,20
84306  ,201502,20150215,12,33
84306  ,201502,20150216,4,25
84306  ,201502,20150217,2,9
84306  ,201502,20150218,12,49
84306  ,201502,20150219,21,64
84306  ,201503,20150304,,2
84306  ,201503,20150306,4,10
84306  ,201503,20150307,10,22
84333  ,201501,20150101,2,6
84333  ,201501,20150102,2,11
84333  ,201501,20150105,7,22
84333  ,201501,20150106,1,22
84333  ,201501,20150107,,23
84333  ,201501,20150108,2,5
84333  ,201501,20150109,3,25
84333  ,201501,20150110,3,16
84333  ,201501,20150112,,14
84333  ,201501,20150113,,16
84333  ,201501,20150114,1,13
84333  ,201501,20150115,1,13
84333  ,201501,20150116,,3
84333  ,201501,20150117,2,13
84333  ,201501,20150119,,4
84333  ,201501,20150120,3,11
84333  ,201501,20150121,6,11
84333  ,201501,20150122,,3
84333  ,201501,20150123,4,16
84333  ,201501,20150124,,9
84333  ,201502,20150202,2,3
84333  ,201502,20150203,,2
84333  ,201502,20150204,1,4
84333  ,201502,20150205,4,5
84333  ,201502,20150206,4,13
84333  ,201502,20150207,1,5
84333  ,201502,20150209,,4
84333  ,201502,20150210,2,16
84333  ,201502,20150211,,15
84333  ,201502,20150212,7,30
84333  ,201502,20150213,4,18
84333  ,201502,20150223,3,16
84333  ,201502,20150224,1,3
84333  ,201502,20150226,1,3
84333  ,201502,20150227,,1
84333  ,201503,20150302,2,8
84333  ,201503,20150303,1,5
84333  ,201503,20150304,2,2
84333  ,201503,20150305,2,19
84333  ,201503,20150306,3,13
84333  ,201503,20150307,1,6
84449  ,201501,20150115,,3
84449  ,201501,20150123,,18
84449  ,201501,20150124,,1
84449  ,201501,20150126,,1
84449  ,201502,20150213,,2
84465  ,201501,20150101,1,4
84465  ,201501,20150102,2,7
84465  ,201501,20150103,1,2
84465  ,201501,20150106,1,5
84465  ,201501,20150107,3,8
84465  ,201501,20150110,1,4
84465  ,201501,20150111,1,2
84465  ,201501,20150113,1,4
84465  ,201501,20150116,,1
84465  ,201501,20150117,,1
84465  ,201501,20150118,1,7
84465  ,201501,20150120,1,4
84465  ,201501,20150121,,1
84465  ,201501,20150123,1,2
84465  ,201501,20150124,1,4
84465  ,201501,20150125,1,2
84465  ,201501,20150128,,2
84465  ,201502,20150201,,1
84465  ,201502,20150202,1,6
84465  ,201502,20150203,,1
84465  ,201502,20150204,,1
84465  ,201502,20150206,,1
84465  ,201502,20150207,1,2
84465  ,201502,20150208,,8
84465  ,201502,20150210,,1
84465  ,201502,20150211,,1
84465  ,201502,20150213,1,3
84465  ,201502,20150214,4,13
84465  ,201502,20150216,1,13
84465  ,201502,20150217,2,6
84465  ,201502,20150222,1,8
84465  ,201502,20150225,1,3
84465  ,201502,20150226,,1
84465  ,201502,20150227,1,3
84465  ,201502,20150228,1,4
84465  ,201503,20150301,,2
84465  ,201503,20150302,,1
84465  ,201503,20150307,1,5
84465  ,201503,20150308,1,3
85015  ,201501,20150105,,6
85015  ,201501,20150106,2,9
85015  ,201501,20150107,1,3
85015  ,201501,20150109,2,8
85015  ,201501,20150112,,3
85015  ,201501,20150114,,3
85015  ,201501,20150115,,2
85015  ,201501,20150116,,1
85015  ,201501,20150120,1,4
85015  ,201501,20150121,1,7
85015  ,201501,20150123,1,4
85015  ,201501,20150124,,2
85015  ,201501,20150126,,3
85015  ,201501,20150127,,1
85015  ,201501,20150130,,1
85015  ,201502,20150203,,2
85015  ,201502,20150204,1,7
85015  ,201502,20150206,,3
85015  ,201502,20150223,1,4
85015  ,201502,20150224,1,4
85015  ,201503,20150304,1,4
85090  ,201501,20150106,7,76
85090  ,201501,20150107,8,20
85090  ,201501,20150108,8,63
85090  ,201501,20150109,,8
85090  ,201501,20150110,7,79
85090  ,201501,20150112,9,65
85090  ,201501,20150113,3,51
85090  ,201501,20150114,13,39
85090  ,201501,20150115,,5
85090  ,201501,20150116,7,61
85090  ,201501,20150117,,4
85090  ,201501,20150119,13,36
85090  ,201501,20150120,8,35
85090  ,201501,20150121,1,3
85090  ,201501,20150122,1,3
85090  ,201501,20150123,5,14
85090  ,201501,20150124,1,5
85090  ,201501,20150125,,1
85090  ,201501,20150126,10,44
85090  ,201501,20150127,19,38
85090  ,201501,20150128,3,6
85090  ,201501,20150129,12,28
85090  ,201501,20150130,6,13
85090  ,201501,20150131,9,24
85090  ,201502,20150202,25,44
85090  ,201502,20150203,,1
85090  ,201502,20150204,4,10
85090  ,201502,20150205,9,17
85090  ,201502,20150206,,3
85090  ,201502,20150207,4,9
85090  ,201502,20150209,16,40
85090  ,201502,20150210,2,8
85090  ,201502,20150211,,1
85090  ,201502,20150212,20,34
85090  ,201502,20150213,12,28
85090  ,201502,20150214,,1
85090  ,201502,20150215,,1
85090  ,201502,20150216,37,89
85090  ,201502,20150217,55,100
85090  ,201502,20150218,32,67
85090  ,201502,20150219,42,125
85090  ,201502,20150227,8,21
85090  ,201502,20150228,15,30
85090  ,201503,20150302,59,110
85090  ,201503,20150303,,2
85090  ,201503,20150304,13,31
85090  ,201503,20150305,5,18
85090  ,201503,20150306,5,13
85090  ,201503,20150307,2,10
85092  ,201501,20150106,2,35
85092  ,201501,20150107,1,37
85092  ,201501,20150108,3,67
85092  ,201501,20150111,4,57
85092  ,201501,20150112,2,54
85092  ,201501,20150113,2,43
85092  ,201501,20150114,,14
85092  ,201501,20150117,,10
85092  ,201501,20150118,4,77
85092  ,201501,20150119,1,20
85092  ,201501,20150121,3,62
85092  ,201501,20150122,,8
85092  ,201501,20150123,3,39
85092  ,201501,20150124,2,53
85092  ,201501,20150126,3,33
85092  ,201501,20150127,,67
85092  ,201501,20150128,4,77
85092  ,201501,20150129,,16
85092  ,201502,20150204,2,64
85092  ,201502,20150205,2,63
85092  ,201502,20150206,3,48
85092  ,201502,20150207,4,89
85092  ,201502,20150209,7,99
85092  ,201502,20150210,,28
85092  ,201502,20150211,10,98
85092  ,201502,20150212,11,78
85092  ,201502,20150218,,3
85092  ,201502,20150219,,1
85092  ,201502,20150221,2,46
85092  ,201502,20150222,1,14
85092  ,201502,20150223,2,42
85092  ,201502,20150224,25,365
85092  ,201503,20150303,,9
85092  ,201503,20150304,4,40
85092  ,201503,20150305,3,49
85092  ,201503,20150306,2,31
85093  ,201501,20150102,,1
85093  ,201501,20150105,,1
85093  ,201501,20150106,,9
85093  ,201501,20150109,,3
85093  ,201501,20150114,1,5
85093  ,201501,20150115,,5
85093  ,201501,20150116,1,1
85093  ,201501,20150117,8,10
85093  ,201501,20150119,20,21
85093  ,201501,20150120,4,5
85093  ,201501,20150121,12,29
85093  ,201501,20150122,,9
85093  ,201501,20150123,2,9
85093  ,201501,20150124,3,14
85093  ,201501,20150126,,1
85093  ,201501,20150127,,1
85093  ,201501,20150129,2,2
85093  ,201501,20150130,5,16
85093  ,201501,20150131,7,9
85093  ,201502,20150202,,6
85093  ,201502,20150209,15,15
85093  ,201502,20150210,2,2
85093  ,201502,20150211,19,20
85093  ,201502,20150212,6,12
85093  ,201502,20150213,12,16
85093  ,201502,20150214,,5
85093  ,201502,20150223,8,17
85093  ,201502,20150224,2,13
85093  ,201502,20150225,9,23
85093  ,201502,20150226,12,12
85093  ,201502,20150227,8,15
85093  ,201503,20150302,6,12
85093  ,201503,20150303,1,1
85093  ,201503,20150304,9,9
85104  ,201501,20150104,,1
85104  ,201501,20150107,,4
85104  ,201501,20150108,,2
85104  ,201501,20150112,,2
85104  ,201501,20150119,,4
85104  ,201501,20150126,,6
85104  ,201502,20150205,,3
85104  ,201502,20150212,,3
85104  ,201502,20150213,,1
85104  ,201502,20150216,,3
85104  ,201502,20150218,,3
85104  ,201503,20150303,,3
85104  ,201503,20150304,,3
85104  ,201503,20150306,,3
85136  ,201501,20150102,1,14
85136  ,201501,20150103,,6
85136  ,201501,20150105,,9
85136  ,201501,20150106,2,12
85136  ,201501,20150108,1,8
85136  ,201501,20150112,,8
85136  ,201501,20150114,2,10
85136  ,201501,20150115,,5
85136  ,201501,20150119,1,10
85136  ,201501,20150123,,4
85136  ,201501,20150126,,9
85136  ,201501,20150128,,7
85136  ,201501,20150129,,4
85136  ,201502,20150202,,1
85136  ,201502,20150203,,4
85136  ,201502,20150206,,3
85136  ,201502,20150208,,1
85136  ,201502,20150212,,8
85136  ,201502,20150213,,3
85136  ,201502,20150226,1,11
85136  ,201502,20150227,,4
85136  ,201503,20150302,1,19
85136  ,201503,20150303,,6
85136  ,201503,20150304,,10
85136  ,201503,20150306,,4
85167  ,201501,20150105,,8
85167  ,201501,20150106,2,25
85167  ,201501,20150110,,1
85167  ,201501,20150114,,7
85167  ,201501,20150116,,6
85167  ,201501,20150117,,6
85167  ,201501,20150119,,2
85167  ,201501,20150121,4,4
85167  ,201501,20150126,2,2
85167  ,201501,20150128,,6
85167  ,201501,20150129,3,6
85167  ,201502,20150202,1,14
85167  ,201502,20150203,,6
85167  ,201502,20150204,1,8
85167  ,201502,20150205,1,6
85167  ,201502,20150206,1,3
85167  ,201502,20150207,,6
85167  ,201502,20150209,5,11
85167  ,201502,20150210,2,4
85167  ,201502,20150211,,7
85167  ,201502,20150212,2,2
85167  ,201502,20150213,,1
85167  ,201502,20150216,,3
85167  ,201502,20150217,3,7
85167  ,201502,20150218,,5
85167  ,201502,20150219,,1
85167  ,201502,20150223,,8
85167  ,201502,20150224,3,14
85167  ,201502,20150225,2,7
85167  ,201502,20150226,,11
85167  ,201502,20150227,,3
85167  ,201502,20150228,,4
85167  ,201503,20150302,,4
85167  ,201503,20150303,,1
85167  ,201503,20150304,,5
85167  ,201503,20150306,,13
85167  ,201503,20150307,,7
86010  ,201501,20150113,,17
86010  ,201501,20150114,,6
86010  ,201501,20150117,,19
86010  ,201501,20150119,1,13
86010  ,201501,20150120,,22
86010  ,201501,20150122,1,21
86010  ,201501,20150123,,18
86010  ,201501,20150128,,8
86010  ,201501,20150129,,7
86010  ,201501,20150130,,12
86010  ,201502,20150204,,8
86010  ,201502,20150206,2,41
86010  ,201502,20150207,2,33
86010  ,201502,20150212,1,16
86010  ,201502,20150213,2,35
86010  ,201502,20150216,1,14
86010  ,201502,20150217,1,13
86010  ,201503,20150303,,11
86010  ,201503,20150304,5,38
86090  ,201501,20150106,,9
86090  ,201501,20150107,,9
86090  ,201501,20150111,,12
86090  ,201501,20150116,,8
86090  ,201501,20150117,,36
86090  ,201501,20150118,,15
86090  ,201501,20150119,,40
86090  ,201501,20150125,,9
86090  ,201501,20150126,,5
86090  ,201501,20150128,,15
86090  ,201501,20150129,,18
86090  ,201502,20150204,,24
86090  ,201502,20150205,,4
86090  ,201502,20150209,,11
86090  ,201502,20150210,,24
86090  ,201502,20150211,,9
86090  ,201502,20150212,,10
86090  ,201502,20150216,,36
86090  ,201502,20150217,,40
86090  ,201502,20150221,,29
86090  ,201502,20150222,,15
86090  ,201502,20150223,,15
86090  ,201502,20150224,,7
86090  ,201502,20150226,,30
86090  ,201502,20150227,,18
86090  ,201502,20150228,,25
86090  ,201503,20150301,,9
86090  ,201503,20150302,,23
86090  ,201503,20150305,,9
86159  ,201501,20150102,2,18
86159  ,201501,20150107,,15
86159  ,201501,20150108,1,14
86159  ,201501,20150109,,16
86159  ,201501,20150110,,7
86159  ,201501,20150112,,2
86159  ,201501,20150114,,15
86159  ,201501,20150115,1,18
86159  ,201501,20150116,,2
86159  ,201501,20150117,1,15
86159  ,201501,20150119,5,24
86159  ,201501,20150120,,3
86159  ,201501,20150121,4,26
86159  ,201501,20150126,2,11
86159  ,201501,20150127,,3
86159  ,201501,20150128,2,7
86159  ,201501,20150129,2,11
86159  ,201501,20150130,2,10
86159  ,201502,20150201,1,5
86159  ,201502,20150203,,8
86159  ,201502,20150209,1,4
86159  ,201502,20150210,,1
86159  ,201502,20150211,3,6
86159  ,201502,20150212,,18
86159  ,201502,20150213,,1
86159  ,201502,20150216,1,19
86159  ,201502,20150217,,5
86159  ,201502,20150223,4,15
86159  ,201502,20150224,2,15
86159  ,201502,20150225,1,8
86159  ,201502,20150226,3,13
86159  ,201502,20150227,1,3
86159  ,201502,20150228,,2
86159  ,201503,20150302,2,12
86159  ,201503,20150303,,2
86159  ,201503,20150304,3,26
86159  ,201503,20150305,1,9
86159  ,201503,20150307,2,15
86208  ,201501,20150101,,3
86208  ,201501,20150102,,30
86208  ,201501,20150103,2,15
86208  ,201501,20150105,2,46
86208  ,201501,20150106,,13
86208  ,201501,20150107,2,22
86208  ,201501,20150108,1,17
86208  ,201501,20150109,2,35
86208  ,201501,20150110,4,37
86208  ,201501,20150112,,21
86208  ,201501,20150113,,5
86208  ,201501,20150114,1,15
86208  ,201501,20150115,2,65
86208  ,201501,20150116,,6
86208  ,201501,20150117,,4
86208  ,201501,20150119,5,24
86208  ,201501,20150120,4,23
86208  ,201501,20150121,,9
86208  ,201501,20150122,2,4
86208  ,201501,20150123,,9
86208  ,201501,20150124,2,6
86208  ,201501,20150126,18,125
86208  ,201501,20150127,11,44
86208  ,201501,20150128,2,23
86208  ,201501,20150129,7,30
86208  ,201501,20150130,11,34
86208  ,201501,20150131,,10
86208  ,201502,20150202,10,30
86208  ,201502,20150203,17,64
86208  ,201502,20150204,23,62
86208  ,201502,20150205,9,22
86208  ,201502,20150206,17,40
86208  ,201502,20150207,2,6
86208  ,201502,20150208,,2
86208  ,201502,20150209,21,61
86208  ,201502,20150210,,7
86208  ,201502,20150211,21,54
86208  ,201502,20150212,1,2
86208  ,201502,20150220,2,9
86208  ,201502,20150221,7,22
86208  ,201502,20150222,2,10
86208  ,201502,20150223,29,71
86208  ,201502,20150224,1,8
86208  ,201502,20150225,14,31
86208  ,201502,20150226,5,27
86208  ,201502,20150227,7,18
86208  ,201502,20150228,9,21
87105  ,201501,20150102,5,31
87105  ,201501,20150103,5,12
87105  ,201501,20150105,3,18
87105  ,201501,20150106,,1
87105  ,201501,20150107,2,10
87105  ,201501,20150108,4,4
87105  ,201501,20150109,,2
87105  ,201501,20150110,2,9
87105  ,201501,20150111,1,1
87105  ,201501,20150112,8,17
87105  ,201501,20150113,,1
87105  ,201501,20150114,1,2
87105  ,201501,20150115,2,12
87105  ,201501,20150116,10,26
87105  ,201501,20150117,13,19
87105  ,201501,20150120,3,18
87105  ,201501,20150121,4,10
87105  ,201501,20150122,3,16
87105  ,201501,20150123,1,11
87105  ,201501,20150126,1,9
87105  ,201502,20150202,17,41
87105  ,201502,20150203,,1
87105  ,201502,20150205,1,5
87105  ,201502,20150206,8,14
87105  ,201502,20150207,4,5
87105  ,201502,20150209,7,13
87105  ,201502,20150210,,3
87105  ,201502,20150211,13,35
87105  ,201502,20150212,7,27
87105  ,201502,20150213,1,1
87105  ,201502,20150214,,1
87105  ,201502,20150215,8,22
87105  ,201502,20150216,14,22
87105  ,201502,20150217,6,18
87105  ,201502,20150218,1,5
87105  ,201502,20150219,36,106
87105  ,201502,20150227,3,7
87105  ,201503,20150302,7,33
87105  ,201503,20150303,8,23
87105  ,201503,20150304,13,25
87105  ,201503,20150305,7,16
87105  ,201503,20150306,15,35
87105  ,201503,20150307,6,12
87193  ,201501,20150102,,10
87193  ,201501,20150103,2,23
87193  ,201501,20150105,1,26
87193  ,201501,20150107,2,31
87193  ,201501,20150108,,10
87193  ,201501,20150109,1,23
87193  ,201501,20150110,,6
87193  ,201501,20150112,,5
87193  ,201501,20150113,2,13
87193  ,201501,20150114,,8
87193  ,201501,20150115,,6
87193  ,201501,20150116,2,22
87193  ,201501,20150117,,11
87193  ,201501,20150120,1,9
87193  ,201501,20150121,,5
87193  ,201501,20150122,1,23
87193  ,201501,20150123,1,15
87193  ,201501,20150124,,12
87193  ,201501,20150126,,11
87193  ,201501,20150127,,1
87193  ,201501,20150128,1,15
87193  ,201501,20150129,,4
87193  ,201501,20150130,,5
87193  ,201501,20150131,,8
87193  ,201502,20150201,1,15
87193  ,201502,20150202,,16
87193  ,201502,20150203,1,11
87193  ,201502,20150204,,8
87193  ,201502,20150205,,6
87193  ,201502,20150206,,13
87193  ,201502,20150207,,9
87193  ,201502,20150208,,2
87193  ,201502,20150209,,5
87193  ,201502,20150210,1,10
87193  ,201502,20150211,,1
87193  ,201502,20150212,3,21
87193  ,201502,20150213,,4
87193  ,201502,20150214,,1
87193  ,201502,20150215,2,2
87193  ,201502,20150216,2,4
87193  ,201502,20150217,,6
87193  ,201502,20150224,,9
87193  ,201502,20150225,,1
87193  ,201502,20150226,3,26
87193  ,201502,20150227,,9
87193  ,201503,20150302,1,17
87193  ,201503,20150303,7,45
87193  ,201503,20150304,1,26
87193  ,201503,20150305,1,21
87193  ,201503,20150306,2,12
87193  ,201503,20150307,,10
88076  ,201501,20150105,,2
88076  ,201501,20150106,,19
88076  ,201501,20150107,6,17
88076  ,201501,20150108,4,20
88076  ,201501,20150109,,6
88076  ,201501,20150110,,13
88076  ,201501,20150111,5,40
88076  ,201501,20150112,,8
88076  ,201501,20150114,3,33
88076  ,201501,20150115,1,32
88076  ,201501,20150116,,14
88076  ,201501,20150117,,6
88076  ,201501,20150119,1,16
88076  ,201501,20150120,10,15
88076  ,201501,20150121,2,12
88076  ,201501,20150122,19,37
88076  ,201501,20150123,1,9
88076  ,201501,20150124,4,11
88076  ,201501,20150126,1,4
88076  ,201501,20150127,,2
88076  ,201501,20150128,2,21
88076  ,201501,20150129,3,11
88076  ,201501,20150130,14,27
88076  ,201501,20150131,16,33
88076  ,201502,20150202,10,26
88076  ,201502,20150203,5,8
88076  ,201502,20150204,8,21
88076  ,201502,20150205,27,44
88076  ,201502,20150206,7,25
88076  ,201502,20150207,2,5
88076  ,201502,20150220,8,35
88076  ,201502,20150222,12,32
88076  ,201502,20150223,4,9
88076  ,201502,20150224,10,27
88076  ,201502,20150225,,4
88076  ,201502,20150226,20,47
88076  ,201502,20150227,2,2
88076  ,201502,20150228,1,1
88076  ,201503,20150302,7,23
88076  ,201503,20150303,3,5
88076  ,201503,20150304,1,1
88076  ,201503,20150305,18,29
88076  ,201503,20150306,2,10
88076  ,201503,20150307,22,41
88076  ,201503,20150308,11,19
88086  ,201501,20150102,,6
88086  ,201501,20150103,,2
88086  ,201501,20150105,1,6
88086  ,201501,20150106,1,7
88086  ,201501,20150107,,4
88086  ,201501,20150108,3,16
88086  ,201501,20150109,1,7
88086  ,201501,20150110,,1
88086  ,201501,20150111,,1
88086  ,201501,20150112,2,12
88086  ,201501,20150114,1,11
88086  ,201501,20150115,1,4
88086  ,201501,20150117,,7
88086  ,201501,20150119,3,19
88086  ,201501,20150120,2,18
88086  ,201501,20150121,,2
88086  ,201501,20150122,3,18
88086  ,201501,20150123,,2
88086  ,201501,20150124,,4
88086  ,201501,20150125,1,9
88086  ,201501,20150126,3,15
88086  ,201501,20150128,,4
88086  ,201501,20150129,1,10
88086  ,201501,20150130,,5
88086  ,201501,20150131,1,11
88086  ,201502,20150202,2,11
88086  ,201502,20150203,,4
88086  ,201502,20150204,5,16
88086  ,201502,20150205,3,7
88086  ,201502,20150206,3,11
88086  ,201502,20150207,,3
88086  ,201502,20150209,2,5
88086  ,201502,20150214,,5
88086  ,201502,20150223,4,12
88086  ,201502,20150224,3,11
88086  ,201502,20150225,3,22
88086  ,201502,20150226,3,8
88086  ,201503,20150301,,1
88086  ,201503,20150302,3,6
88086  ,201503,20150303,,2
88086  ,201503,20150304,3,8
88086  ,201503,20150305,3,6
88086  ,201503,20150306,,2
88086  ,201503,20150307,,3
88091  ,201502,20150202,,5
88114  ,201501,20150102,,7
88114  ,201501,20150103,,22
88114  ,201501,20150104,,3
88114  ,201501,20150105,,3
88114  ,201501,20150106,,2
88114  ,201501,20150107,,2
88114  ,201501,20150108,,15
88114  ,201501,20150109,,11
88114  ,201501,20150110,,15
88114  ,201501,20150112,,1
88114  ,201501,20150113,,3
88114  ,201501,20150114,1,22
88114  ,201501,20150115,,18
88114  ,201501,20150116,1,23
88114  ,201501,20150117,,11
88114  ,201501,20150119,2,25
88114  ,201501,20150122,1,7
88114  ,201501,20150123,5,10
88114  ,201501,20150124,3,17
88114  ,201501,20150125,6,39
88114  ,201501,20150126,1,14
88114  ,201501,20150127,1,10
88114  ,201502,20150202,12,30
88114  ,201502,20150203,,7
88114  ,201502,20150204,7,30
88114  ,201502,20150205,3,9
88114  ,201502,20150206,25,43
88114  ,201502,20150207,2,10
88114  ,201502,20150209,16,39
88114  ,201502,20150210,5,21
88114  ,201502,20150211,12,22
88114  ,201502,20150212,7,19
88114  ,201502,20150213,15,30
88114  ,201502,20150214,23,44
88114  ,201502,20150215,12,34
88114  ,201502,20150216,16,33
88114  ,201502,20150217,4,11
88114  ,201502,20150218,45,91
88114  ,201502,20150219,,1
88114  ,201503,20150302,35,57
88114  ,201503,20150303,7,10
88114  ,201503,20150304,2,7
88114  ,201503,20150305,1,2
88114  ,201503,20150306,1,15
88114  ,201503,20150307,1,1
88114  ,201503,20150308,41,90
88174  ,201501,20150102,8,58
88174  ,201501,20150103,,4
88174  ,201501,20150105,2,21
88174  ,201501,20150106,4,34
88174  ,201501,20150107,2,19
88174  ,201501,20150109,1,12
88174  ,201501,20150110,1,12
88174  ,201501,20150112,4,30
88174  ,201501,20150113,,6
88174  ,201501,20150114,1,8
88174  ,201501,20150115,1,8
88174  ,201501,20150116,1,17
88174  ,201501,20150119,2,2
88174  ,201501,20150120,9,25
88174  ,201501,20150121,2,5
88174  ,201501,20150122,,4
88174  ,201501,20150123,5,19
88174  ,201501,20150126,2,11
88174  ,201501,20150127,6,19
88174  ,201501,20150128,,4
88174  ,201501,20150129,4,25
88174  ,201501,20150130,8,33
88174  ,201501,20150131,9,40
88174  ,201502,20150202,8,32
88174  ,201502,20150203,4,23
88174  ,201502,20150204,4,19
88174  ,201502,20150205,2,7
88174  ,201502,20150206,3,8
88174  ,201502,20150207,4,13
88174  ,201502,20150209,9,24
88174  ,201502,20150210,11,42
88174  ,201502,20150211,34,88
88174  ,201502,20150212,27,55
88174  ,201502,20150220,7,11
88174  ,201502,20150221,1,4
88174  ,201502,20150222,19,30
88174  ,201502,20150223,10,28
88174  ,201502,20150224,27,48
88174  ,201502,20150225,34,70
88174  ,201502,20150226,17,30
88174  ,201502,20150227,6,18
88174  ,201502,20150228,21,41
88174  ,201503,20150302,9,32
88174  ,201503,20150303,1,3
88174  ,201503,20150304,,6
88174  ,201503,20150305,11,26
88174  ,201503,20150306,10,25
88174  ,201503,20150307,15,29
88174  ,201503,20150308,10,18
88175  ,201501,20150102,,2
88175  ,201501,20150105,,7
88175  ,201501,20150107,1,8
88175  ,201501,20150108,,1
88175  ,201501,20150109,,1
88175  ,201501,20150110,1,13
88175  ,201501,20150114,,8
88175  ,201501,20150115,1,10
88175  ,201501,20150116,,2
88175  ,201501,20150128,,1
88175  ,201501,20150129,,8
88175  ,201501,20150130,2,2
88175  ,201502,20150202,3,26
88175  ,201502,20150203,,9
88175  ,201502,20150204,,4
88175  ,201502,20150205,,4
88175  ,201502,20150206,1,21
88175  ,201502,20150207,2,16
88175  ,201502,20150210,,2
88175  ,201502,20150211,1,2
88175  ,201502,20150212,,2
88175  ,201502,20150216,1,15
88175  ,201502,20150218,,7
88175  ,201502,20150219,,12
88175  ,201502,20150220,,1
88175  ,201502,20150221,1,2
88175  ,201503,20150302,,9
88175  ,201503,20150303,,3
88175  ,201503,20150304,1,13
88175  ,201503,20150305,,6
88175  ,201503,20150306,,1
88191  ,201501,20150101,,10
88191  ,201501,20150102,1,26
88191  ,201501,20150103,1,5
88191  ,201501,20150108,1,8
88191  ,201501,20150109,2,17
88191  ,201501,20150112,,6
88191  ,201501,20150113,,21
88191  ,201501,20150114,,7
88191  ,201501,20150115,1,15
88191  ,201501,20150116,2,19
88191  ,201501,20150120,,5
88191  ,201501,20150121,,7
88191  ,201501,20150122,2,11
88191  ,201501,20150123,1,13
88191  ,201501,20150126,,1
88191  ,201501,20150127,2,16
88191  ,201501,20150129,,5
88191  ,201501,20150131,,4
88191  ,201502,20150201,,1
88191  ,201502,20150202,1,18
88191  ,201502,20150205,1,8
88191  ,201502,20150206,2,16
88191  ,201502,20150207,,3
88191  ,201502,20150208,1,11
88191  ,201502,20150212,,7
88191  ,201502,20150216,1,19
88191  ,201502,20150217,,6
88191  ,201502,20150218,1,14
88191  ,201502,20150219,,9
88191  ,201502,20150228,2,13
88191  ,201503,20150303,,5
89002  ,201501,20150102,,16
89002  ,201501,20150103,,18
89002  ,201501,20150105,,6
89002  ,201501,20150106,,3
89002  ,201501,20150107,,3
89002  ,201501,20150109,1,62
89002  ,201501,20150110,,6
89002  ,201501,20150112,1,17
89002  ,201501,20150113,,1
89002  ,201501,20150114,,11
89002  ,201501,20150115,1,9
89002  ,201501,20150116,1,29
89002  ,201501,20150117,,11
89002  ,201501,20150118,,32
89002  ,201501,20150119,,11
89002  ,201501,20150120,1,14
89002  ,201501,20150121,1,17
89002  ,201501,20150126,,10
89002  ,201501,20150127,,2
89002  ,201501,20150128,,6
89002  ,201501,20150129,11,37
89002  ,201501,20150130,6,37
89002  ,201501,20150131,11,37
89002  ,201502,20150201,9,36
89002  ,201502,20150202,,16
89002  ,201502,20150203,,7
89002  ,201502,20150204,,8
89002  ,201502,20150205,24,47
89002  ,201502,20150206,2,18
89002  ,201502,20150207,,12
89002  ,201502,20150208,22,45
89002  ,201502,20150209,16,41
89002  ,201502,20150210,4,18
89002  ,201502,20150211,5,17
89002  ,201502,20150212,22,44
89002  ,201502,20150221,8,35
89002  ,201502,20150223,1,12
89002  ,201502,20150224,12,33
89002  ,201502,20150226,3,9
89002  ,201502,20150227,6,21
89002  ,201502,20150228,2,6
89002  ,201503,20150304,4,16
89002  ,201503,20150305,13,29
89002  ,201503,20150306,2,23
89002  ,201503,20150307,2,2
89008  ,201501,20150115,8,15
89008  ,201501,20150120,,3
89008  ,201501,20150123,,8
89008  ,201501,20150126,,7
89008  ,201502,20150203,,3
89008  ,201502,20150204,9,24
89008  ,201502,20150206,,9
89008  ,201502,20150207,,3
89008  ,201502,20150223,,2
89008  ,201502,20150228,,25
89008  ,201503,20150305,4,11
89082  ,201501,20150107,,2
89082  ,201502,20150212,,1
89128  ,201501,20150101,1,15
89128  ,201501,20150102,2,26
89128  ,201501,20150103,2,30
89128  ,201501,20150104,1,15
89128  ,201501,20150105,1,10
89128  ,201501,20150109,8,76
89128  ,201501,20150110,4,75
89128  ,201501,20150111,2,23
89128  ,201501,20150114,,3
89128  ,201501,20150115,5,61
89128  ,201501,20150116,3,55
89128  ,201501,20150119,1,29
89128  ,201501,20150120,1,39
89128  ,201501,20150121,2,14
89128  ,201501,20150125,3,58
89128  ,201501,20150126,1,23
89128  ,201501,20150127,5,50
89128  ,201501,20150131,2,47
89128  ,201502,20150201,4,52
89128  ,201502,20150202,2,22
89128  ,201502,20150203,3,45
89128  ,201502,20150204,,2
89128  ,201502,20150207,4,38
89128  ,201502,20150208,2,36
89128  ,201502,20150209,,2
89128  ,201502,20150210,,12
89128  ,201502,20150211,,1
89128  ,201502,20150213,5,26
89128  ,201502,20150214,7,114
89128  ,201502,20150216,2,16
89128  ,201502,20150217,,2
89128  ,201502,20150218,1,10
89128  ,201502,20150219,5,58
89128  ,201502,20150220,2,31
89128  ,201502,20150227,2,18
89128  ,201502,20150228,1,8
89128  ,201503,20150301,,4
89128  ,201503,20150302,8,93
89128  ,201503,20150304,3,54
89128  ,201503,20150307,4,45
89128  ,201503,20150308,,8
89903  ,201501,20150127,,16
90030  ,201501,20150108,2,10
90030  ,201501,20150109,,1
90030  ,201501,20150110,2,9
90030  ,201501,20150111,1,6
90030  ,201501,20150112,,4
90030  ,201501,20150113,1,7
90030  ,201501,20150114,1,7
90030  ,201501,20150115,1,14
90030  ,201501,20150116,4,43
90030  ,201501,20150117,,12
90030  ,201501,20150119,,6
90030  ,201501,20150120,1,7
90030  ,201501,20150121,14,41
90030  ,201501,20150122,,2
90030  ,201501,20150123,11,32
90030  ,201501,20150128,27,56
90030  ,201501,20150129,5,26
90030  ,201501,20150130,1,18
90030  ,201501,20150131,5,32
90030  ,201502,20150203,4,22
90030  ,201502,20150204,,4
90030  ,201502,20150205,13,49
90030  ,201502,20150206,16,42
90030  ,201502,20150207,9,36
90030  ,201502,20150209,3,27
90030  ,201502,20150210,12,35
90030  ,201502,20150211,1,6
90030  ,201502,20150212,7,15
90030  ,201502,20150213,4,10
90030  ,201502,20150214,4,35
90030  ,201502,20150215,4,15
90030  ,201502,20150216,6,26
90030  ,201502,20150217,,12
90030  ,201502,20150218,17,56
90030  ,201502,20150219,15,41
90030  ,201502,20150224,8,16
90030  ,201502,20150227,13,32
90030  ,201503,20150301,,1
90030  ,201503,20150302,6,28
90030  ,201503,20150303,,10
90030  ,201503,20150304,,6
90030  ,201503,20150305,3,16
90030  ,201503,20150306,15,36
90030  ,201503,20150307,6,13
90048  ,201501,20150121,,1
91061  ,201501,20150104,,4
91061  ,201501,20150105,,16
91061  ,201501,20150111,,29
91061  ,201501,20150112,,34
91061  ,201501,20150114,,20
91061  ,201501,20150115,,16
91061  ,201501,20150120,,7
91061  ,201501,20150121,,13
91061  ,201501,20150122,,10
91061  ,201501,20150131,,18
91061  ,201502,20150201,,20
91061  ,201502,20150202,,25
91061  ,201502,20150203,,40
91061  ,201502,20150206,,18
91061  ,201502,20150207,,13
91061  ,201502,20150209,,45
91061  ,201502,20150213,,17
91061  ,201502,20150214,,25
91061  ,201502,20150215,,14
91061  ,201502,20150218,,6
91061  ,201502,20150219,,36
91061  ,201502,20150220,,28
91061  ,201503,20150303,,21
91061  ,201503,20150304,,29
91075  ,201501,20150102,,9
91075  ,201501,20150109,,16
91075  ,201501,20150119,,9
91075  ,201501,20150123,,6
91075  ,201501,20150127,,9
91075  ,201501,20150130,,7
91075  ,201502,20150206,,7
91075  ,201502,20150224,,9
91075  ,201502,20150227,,7
92008  ,201501,20150109,,2
92008  ,201501,20150114,,3
92008  ,201501,20150116,,2
92008  ,201501,20150118,,4
92008  ,201501,20150124,,3
92008  ,201501,20150126,,2
92008  ,201502,20150204,,3
92008  ,201502,20150207,,2
92008  ,201503,20150304,,3
92016  ,201501,20150105,,26
92016  ,201501,20150106,,5
92016  ,201501,20150107,,18
92016  ,201501,20150108,,13
92016  ,201501,20150110,,11
92016  ,201501,20150111,,5
92016  ,201501,20150112,,11
92016  ,201501,20150113,,5
92016  ,201501,20150114,,5
92016  ,201501,20150115,,10
92016  ,201501,20150116,,5
92016  ,201501,20150119,,19
92016  ,201501,20150120,,16
92016  ,201501,20150121,,5
92016  ,201501,20150122,,10
92016  ,201501,20150126,,10
92016  ,201501,20150128,,21
92016  ,201501,20150129,,10
92016  ,201501,20150131,1,1
92016  ,201502,20150202,,11
92016  ,201502,20150204,1,16
92016  ,201502,20150205,1,12
92016  ,201502,20150206,1,1
92016  ,201502,20150209,,15
92016  ,201502,20150210,,14
92016  ,201502,20150211,,17
92016  ,201502,20150212,,21
92016  ,201502,20150216,,12
92016  ,201502,20150217,,29
92016  ,201502,20150218,7,46
92016  ,201502,20150223,,21
92016  ,201502,20150224,,10
92016  ,201502,20150225,,11
92016  ,201502,20150226,,10
92016  ,201502,20150227,3,3
92016  ,201503,20150302,,16
92016  ,201503,20150303,,8
92016  ,201503,20150304,,8
92041  ,201501,20150105,,9
92041  ,201501,20150106,,13
92041  ,201501,20150107,,4
92041  ,201501,20150109,,12
92041  ,201501,20150115,,4
92041  ,201501,20150116,,12
92041  ,201501,20150117,,10
92041  ,201501,20150118,,8
92041  ,201501,20150121,,11
92082  ,201501,20150105,,21
92082  ,201501,20150106,,5
92082  ,201501,20150108,5,13
92082  ,201501,20150110,,19
92082  ,201501,20150111,,4
92082  ,201501,20150112,,13
92082  ,201501,20150113,,44
92082  ,201501,20150115,,18
92082  ,201501,20150117,,9
92082  ,201501,20150119,,4
92082  ,201501,20150120,5,25
92082  ,201501,20150122,5,28
92082  ,201501,20150124,7,14
92082  ,201501,20150126,5,20
92082  ,201501,20150127,,8
92082  ,201501,20150129,16,33
92082  ,201501,20150131,4,11
92082  ,201502,20150202,17,35
92082  ,201502,20150203,34,76
92082  ,201502,20150205,13,28
92082  ,201502,20150207,4,8
92082  ,201502,20150209,8,18
92082  ,201502,20150210,4,12
92082  ,201502,20150212,5,14
92082  ,201502,20150216,5,14
92082  ,201503,20150302,8,21
92082  ,201503,20150303,9,34
92082  ,201503,20150305,7,15
92082  ,201503,20150307,4,8
92162  ,201501,20150101,,19
92162  ,201501,20150102,,9
92162  ,201501,20150109,,8
92162  ,201501,20150111,,3
92162  ,201501,20150115,,6
92162  ,201501,20150123,,14
92162  ,201501,20150124,,41
92162  ,201501,20150125,,33
92162  ,201501,20150126,,16
92162  ,201501,20150127,,16
92162  ,201501,20150130,,3
92162  ,201501,20150131,,16
92162  ,201502,20150201,,17
92162  ,201502,20150205,,4
92162  ,201502,20150206,,12
92162  ,201502,20150207,,8
92162  ,201502,20150208,,5
92162  ,201502,20150210,,11
92162  ,201502,20150211,,18
92162  ,201502,20150212,,36
92162  ,201502,20150213,,47
92162  ,201502,20150216,,15
92162  ,201502,20150217,,36
92162  ,201502,20150219,,36
92162  ,201502,20150221,,8
92162  ,201502,20150222,,23
92162  ,201502,20150223,,15
92162  ,201502,20150224,,44
92162  ,201502,20150225,,25
92162  ,201502,20150226,,3
92162  ,201502,20150227,,15
92162  ,201503,20150304,,5
92162  ,201503,20150305,,5
92162  ,201503,20150307,,3
92162  ,201503,20150308,,7
92175  ,201501,20150102,,3
92175  ,201501,20150103,,3
92175  ,201501,20150106,,4
92175  ,201501,20150113,,4
92175  ,201501,20150116,,3
92175  ,201501,20150130,,6
92175  ,201502,20150224,,5
92175  ,201502,20150227,,4
93012  ,201501,20150102,3,27
93012  ,201501,20150103,1,18
93012  ,201501,20150105,3,31
93012  ,201501,20150106,1,9
93012  ,201501,20150107,1,12
93012  ,201501,20150108,,10
93012  ,201501,20150109,,2
93012  ,201501,20150110,2,12
93012  ,201501,20150112,4,27
93012  ,201501,20150113,,10
93012  ,201501,20150114,1,6
93012  ,201501,20150115,,3
93012  ,201501,20150116,4,33
93012  ,201501,20150119,12,41
93012  ,201501,20150121,6,10
93012  ,201501,20150122,2,10
93012  ,201501,20150123,10,27
93012  ,201501,20150124,6,16
93012  ,201501,20150126,,8
93012  ,201502,20150202,18,63
93012  ,201502,20150203,,2
93012  ,201502,20150204,2,13
93012  ,201502,20150205,5,11
93012  ,201502,20150206,33,62
93012  ,201502,20150207,5,12
93012  ,201502,20150208,1,1
93012  ,201502,20150209,27,65
93012  ,201502,20150210,3,7
93012  ,201502,20150211,17,43
93012  ,201502,20150212,22,65
93012  ,201502,20150213,13,37
93012  ,201502,20150214,6,27
93012  ,201502,20150215,17,43
93012  ,201502,20150216,30,88
93012  ,201502,20150217,27,78
93012  ,201502,20150218,7,46
93012  ,201502,20150219,13,71
93012  ,201502,20150227,7,27
93012  ,201502,20150228,23,53
93012  ,201503,20150302,5,15
93012  ,201503,20150303,7,21
93012  ,201503,20150304,8,19
93012  ,201503,20150305,9,27
93012  ,201503,20150306,6,27
93012  ,201503,20150307,11,23
93012  ,201503,20150308,6,12
93042  ,201501,20150102,,10
93042  ,201501,20150105,,10
93042  ,201501,20150106,,14
93042  ,201501,20150108,,9
93042  ,201501,20150113,,5
93042  ,201501,20150115,,4
93042  ,201501,20150119,,5
93042  ,201501,20150120,,20
93042  ,201501,20150123,,10
93042  ,201501,20150125,,1
93042  ,201501,20150127,,5
93042  ,201501,20150129,,10
93042  ,201502,20150205,,5
93042  ,201502,20150209,,5
93042  ,201502,20150210,,5
93042  ,201502,20150213,,5
93042  ,201502,20150216,,30
93042  ,201502,20150217,,5
93042  ,201502,20150224,,5
93042  ,201502,20150225,,4
93050  ,201501,20150105,,5
93050  ,201501,20150106,,4
93050  ,201501,20150110,2,5
93050  ,201501,20150112,,7
93050  ,201501,20150113,,8
93050  ,201501,20150120,,7
93050  ,201501,20150128,5,8
93050  ,201502,20150211,,3
93050  ,201502,20150216,,4
93050  ,201502,20150217,3,7
93050  ,201502,20150223,4,8
93050  ,201502,20150225,6,14
93107  ,201501,20150101,,8
93107  ,201501,20150102,,1
93107  ,201501,20150103,,3
93107  ,201501,20150105,,14
93107  ,201501,20150106,,6
93107  ,201501,20150107,,12
93107  ,201501,20150109,1,16
93107  ,201501,20150110,,8
93107  ,201501,20150111,,1
93107  ,201501,20150112,1,32
93107  ,201501,20150115,1,11
93107  ,201501,20150116,,5
93107  ,201501,20150117,,6
93107  ,201501,20150119,2,31
93107  ,201501,20150120,3,26
93107  ,201501,20150121,,5
93107  ,201501,20150122,2,15
93107  ,201501,20150123,2,9
93107  ,201501,20150124,,9
93107  ,201501,20150126,2,27
93107  ,201501,20150127,9,78
93107  ,201501,20150128,1,17
93107  ,201501,20150129,3,47
93107  ,201501,20150130,,17
93107  ,201501,20150131,,11
93107  ,201502,20150209,,2
93107  ,201502,20150210,9,52
93107  ,201502,20150212,11,86
93107  ,201502,20150213,5,27
93107  ,201502,20150214,,7
93107  ,201502,20150216,2,32
93107  ,201502,20150217,,6
93107  ,201502,20150218,,2
93107  ,201502,20150220,2,35
93107  ,201502,20150223,1,27
93107  ,201502,20150224,5,52
93107  ,201502,20150225,1,17
93107  ,201502,20150226,1,17
93107  ,201502,20150227,5,54
93107  ,201502,20150228,,5
93107  ,201503,20150302,2,21
93107  ,201503,20150303,8,53
93107  ,201503,20150304,1,16
93107  ,201503,20150305,,6
93107  ,201503,20150306,6,38
93107  ,201503,20150307,,10
93107  ,201503,20150308,3,29
93147  ,201501,20150105,,6
93147  ,201501,20150106,6,41
93147  ,201501,20150107,1,7
93147  ,201501,20150108,7,57
93147  ,201501,20150109,,13
93147  ,201501,20150110,3,31
93147  ,201501,20150112,,1
93147  ,201501,20150113,4,50
93147  ,201501,20150114,3,24
93147  ,201501,20150115,3,23
93147  ,201501,20150116,2,30
93147  ,201501,20150117,8,47
93147  ,201501,20150119,2,14
93147  ,201501,20150120,1,27
93147  ,201501,20150121,,2
93147  ,201501,20150122,5,34
93147  ,201501,20150123,8,85
93147  ,201501,20150124,3,14
93147  ,201501,20150126,3,23
93147  ,201501,20150127,1,18
93147  ,201501,20150128,3,20
93147  ,201501,20150129,2,19
93147  ,201501,20150130,,8
93147  ,201501,20150131,1,12
93147  ,201502,20150201,,7
93147  ,201502,20150202,2,31
93147  ,201502,20150203,7,94
93147  ,201502,20150204,1,13
93147  ,201502,20150205,5,60
93147  ,201502,20150206,3,57
93147  ,201502,20150207,,7
93147  ,201502,20150209,4,22
93147  ,201502,20150210,3,35
93147  ,201502,20150211,1,9
93147  ,201502,20150213,4,38
93147  ,201502,20150214,2,30
93147  ,201502,20150216,5,20
93147  ,201502,20150219,5,24
93147  ,201502,20150224,3,51
93147  ,201502,20150225,,1
93147  ,201502,20150226,4,51
93147  ,201502,20150227,2,22
93147  ,201503,20150302,,10
93147  ,201503,20150303,2,16
93147  ,201503,20150304,3,21
93147  ,201503,20150305,1,7
93147  ,201503,20150306,4,26
93162  ,201501,20150122,,11
93162  ,201502,20150202,5,24
93162  ,201502,20150211,,4
93162  ,201502,20150225,,4
93162  ,201502,20150228,,6
93162  ,201503,20150303,,3
93162  ,201503,20150307,,4
94090  ,201501,20150102,,1
94090  ,201501,20150105,2,10
94090  ,201501,20150106,,6
94090  ,201501,20150107,,4
94090  ,201501,20150108,,2
94090  ,201501,20150109,,1
94090  ,201501,20150110,1,9
94090  ,201501,20150112,1,7
94090  ,201501,20150114,,3
94090  ,201501,20150119,,1
94090  ,201501,20150121,,2
94090  ,201501,20150122,,3
94090  ,201501,20150123,,1
94090  ,201501,20150124,,1
94090  ,201501,20150125,,1
94090  ,201501,20150130,2,13
94090  ,201501,20150131,2,7
94090  ,201502,20150202,,4
94090  ,201502,20150204,4,19
94090  ,201502,20150205,1,8
94090  ,201502,20150206,,7
94090  ,201502,20150209,,11
94090  ,201502,20150210,5,6
94090  ,201502,20150211,,3
94090  ,201502,20150213,,4
94090  ,201502,20150214,2,5
94090  ,201502,20150223,1,15
94090  ,201502,20150224,1,10
94090  ,201502,20150226,2,3
94090  ,201502,20150228,,5
94090  ,201503,20150301,1,10
94090  ,201503,20150302,,3
94090  ,201503,20150303,1,7
94090  ,201503,20150304,,3
94090  ,201503,20150305,4,21
94090  ,201503,20150306,1,14
94135  ,201501,20150108,2,19
94135  ,201501,20150109,3,25
94135  ,201501,20150110,,2
94135  ,201501,20150111,,1
94135  ,201501,20150112,2,20
94135  ,201501,20150113,1,14
94135  ,201501,20150114,3,35
94135  ,201501,20150115,3,26
94135  ,201501,20150116,,2
94135  ,201501,20150119,,14
94135  ,201501,20150120,12,58
94135  ,201501,20150121,1,2
94135  ,201501,20150122,,2
94135  ,201501,20150123,16,58
94135  ,201501,20150124,1,14
94135  ,201501,20150126,4,40
94135  ,201501,20150127,,4
94135  ,201501,20150128,3,31
94135  ,201501,20150129,1,5
94135  ,201502,20150202,43,117
94135  ,201502,20150203,8,18
94135  ,201502,20150204,1,5
94135  ,201502,20150205,1,4
94135  ,201502,20150206,14,59
94135  ,201502,20150209,18,74
94135  ,201502,20150210,8,28
94135  ,201502,20150220,2,7
94135  ,201502,20150221,17,40
94135  ,201502,20150222,16,45
94135  ,201502,20150223,9,27
94135  ,201502,20150224,7,11
94135  ,201502,20150225,11,37
94135  ,201502,20150226,7,28
94135  ,201502,20150227,15,40
94135  ,201502,20150228,9,28
94135  ,201503,20150302,3,5
94135  ,201503,20150303,6,26
94135  ,201503,20150304,4,24
94135  ,201503,20150305,,6
95016  ,201501,20150101,1,6
95016  ,201501,20150107,,2
95016  ,201501,20150114,1,15
95016  ,201501,20150120,4,13
95016  ,201501,20150121,4,4
95016  ,201501,20150122,4,12
95016  ,201501,20150123,6,9
95016  ,201501,20150124,1,1
95016  ,201501,20150127,3,14
95016  ,201501,20150128,3,7
95016  ,201502,20150203,4,14
95016  ,201502,20150204,,2
95016  ,201502,20150205,1,3
95016  ,201502,20150206,2,4
95016  ,201502,20150209,2,6
95016  ,201502,20150210,2,2
95016  ,201502,20150211,1,2
95016  ,201502,20150213,2,3
95016  ,201502,20150220,5,27
95016  ,201502,20150222,3,7
95016  ,201502,20150223,2,8
95016  ,201502,20150224,1,1
95016  ,201502,20150225,2,14
95016  ,201502,20150227,,2
95016  ,201502,20150228,1,16
95016  ,201503,20150301,1,2
95016  ,201503,20150303,3,16
95016  ,201503,20150304,1,20
95016  ,201503,20150305,,5
95016  ,201503,20150306,2,10
95016  ,201503,20150308,1,4
95054  ,201501,20150102,,4
95054  ,201501,20150107,,1
95054  ,201501,20150109,,2
95054  ,201501,20150112,,1
95054  ,201501,20150128,,2
95054  ,201502,20150201,3,4
95054  ,201502,20150203,1,11
95054  ,201502,20150221,2,7
95054  ,201502,20150223,3,13
95077  ,201501,20150102,1,11
95077  ,201501,20150103,,2
95077  ,201501,20150105,,14
95077  ,201501,20150106,,2
95077  ,201501,20150107,2,29
95077  ,201501,20150108,2,23
95077  ,201501,20150109,3,49
95077  ,201501,20150110,,5
95077  ,201501,20150112,1,15
95077  ,201501,20150113,2,19
95077  ,201501,20150114,2,37
95077  ,201501,20150119,10,44
95077  ,201501,20150120,4,47
95077  ,201501,20150121,1,13
95077  ,201501,20150122,1,2
95077  ,201501,20150123,,1
95077  ,201501,20150124,,3
95077  ,201501,20150125,,2
95077  ,201501,20150126,12,84
95077  ,201501,20150127,3,27
95077  ,201501,20150128,,3
95077  ,201502,20150209,1,5
95077  ,201502,20150210,11,61
95077  ,201502,20150211,,5
95077  ,201502,20150212,5,35
95077  ,201502,20150213,,10
95077  ,201502,20150214,7,19
95077  ,201502,20150215,1,10
95077  ,201502,20150216,3,36
95077  ,201502,20150217,16,105
95077  ,201502,20150218,5,65
95077  ,201502,20150219,22,137
95077  ,201502,20150227,,2
95077  ,201502,20150228,11,70
95077  ,201503,20150302,7,15
95077  ,201503,20150304,7,20
95077  ,201503,20150307,3,12
95107  ,201501,20150103,1,19
95107  ,201501,20150104,4,34
95107  ,201501,20150105,5,45
95107  ,201501,20150106,8,97
95107  ,201501,20150109,1,22
95107  ,201501,20150110,7,87
95107  ,201501,20150113,6,74
95107  ,201501,20150114,7,107
95107  ,201501,20150119,1,22
95107  ,201501,20150120,1,17
95107  ,201501,20150122,5,58
95107  ,201501,20150123,5,90
95107  ,201501,20150124,7,54
95107  ,201501,20150125,10,78
95107  ,201501,20150126,1,17
95107  ,201501,20150129,6,79
95107  ,201501,20150130,6,62
95107  ,201501,20150131,3,43
95107  ,201502,20150201,3,27
95107  ,201502,20150202,,6
95107  ,201502,20150204,4,47
95107  ,201502,20150205,11,57
95107  ,201502,20150206,6,67
95107  ,201502,20150208,13,137
95107  ,201502,20150209,12,155
95107  ,201502,20150210,10,97
95107  ,201502,20150211,3,78
95107  ,201502,20150214,3,48
95107  ,201502,20150215,8,74
95107  ,201502,20150216,4,40
95107  ,201502,20150217,18,165
95107  ,201502,20150223,6,58
95107  ,201502,20150224,3,43
95107  ,201502,20150225,11,134
95107  ,201502,20150226,17,207
95203  ,201501,20150104,,1
95203  ,201501,20150120,,4
95203  ,201503,20150303,,26
95203  ,201503,20150304,,2
96036  ,201501,20150102,,12
96036  ,201501,20150103,,2
96036  ,201501,20150105,,8
96036  ,201501,20150106,,10
96036  ,201501,20150112,,2
96036  ,201501,20150113,,4
96036  ,201501,20150114,,2
96036  ,201501,20150116,,12
96036  ,201501,20150126,,21
96036  ,201501,20150128,,8
96036  ,201501,20150129,,3
96036  ,201501,20150130,,10
96036  ,201501,20150131,,2
96036  ,201502,20150202,,14
96036  ,201502,20150203,,4
96036  ,201502,20150204,12,117
96036  ,201502,20150205,,6
96036  ,201502,20150206,,3
96036  ,201502,20150207,,1
96036  ,201502,20150209,,21
96036  ,201502,20150210,39,339
96036  ,201502,20150211,,3
96036  ,201502,20150212,,3
96036  ,201502,20150213,,3
96036  ,201502,20150217,,4
96036  ,201502,20150224,,12
96036  ,201502,20150225,,1
96036  ,201502,20150226,,23
96036  ,201502,20150227,,3
96036  ,201503,20150302,,16
96036  ,201503,20150303,,14
96036  ,201503,20150304,,12
96036  ,201503,20150305,,4
96067  ,201501,20150104,,1
96067  ,201501,20150107,,5
96067  ,201501,20150114,,5
96067  ,201501,20150120,,6
96067  ,201501,20150123,,5
96067  ,201502,20150203,,5
96067  ,201502,20150213,,5
96067  ,201502,20150218,,5
96067  ,201502,20150227,,10
96067  ,201503,20150303,,5
96067  ,201503,20150306,,5
96143  ,201501,20150103,3,29
96143  ,201501,20150113,,3
96143  ,201501,20150116,,5
96143  ,201501,20150124,,4
96143  ,201501,20150125,,6
96143  ,201501,20150126,,3
96143  ,201501,20150128,,3
96143  ,201501,20150129,,6
96143  ,201501,20150130,,8
96143  ,201501,20150131,,5
96143  ,201502,20150202,,4
96143  ,201502,20150204,1,10
96143  ,201502,20150206,1,10
96143  ,201502,20150209,,3
96146  ,201501,20150103,,79
96146  ,201501,20150104,,61
96146  ,201501,20150105,,26
96146  ,201501,20150108,,42
96146  ,201501,20150109,,27
96146  ,201501,20150110,,37
96146  ,201501,20150113,,43
96146  ,201501,20150116,,5
96146  ,201501,20150117,,4
96146  ,201501,20150118,,24
96146  ,201501,20150119,,9
96146  ,201501,20150120,,7
96146  ,201501,20150122,,4
96146  ,201501,20150130,,31
96146  ,201502,20150202,,32
96146  ,201502,20150203,,7
96146  ,201502,20150208,,25
96146  ,201502,20150214,,30
96146  ,201502,20150215,,38
96146  ,201502,20150218,,25
96146  ,201502,20150220,,66
96146  ,201502,20150224,,14
96146  ,201502,20150225,,4
96146  ,201502,20150226,,9
96146  ,201502,20150227,,3
96146  ,201503,20150301,,26
96146  ,201503,20150302,,7
96146  ,201503,20150306,,18
96146  ,201503,20150307,,78
96146  ,201503,20150308,,12
96154  ,201501,20150105,,10
96154  ,201501,20150112,,2
96154  ,201501,20150116,,9
96154  ,201501,20150119,2,2
96154  ,201501,20150120,,9
96154  ,201501,20150125,,6
96154  ,201501,20150127,,7
96154  ,201501,20150128,,1
96154  ,201501,20150129,,11
96154  ,201501,20150130,2,3
96154  ,201501,20150131,,4
96154  ,201502,20150201,,1
96154  ,201502,20150203,,1
96154  ,201502,20150204,,10
96154  ,201502,20150205,,1
96154  ,201502,20150206,,9
96154  ,201502,20150211,,4
96154  ,201502,20150212,1,5
96154  ,201502,20150213,,4
96154  ,201502,20150215,1,1
96154  ,201502,20150216,1,11
96154  ,201502,20150217,,2
96154  ,201502,20150218,2,7
96154  ,201502,20150220,,2
96154  ,201502,20150221,8,45
96154  ,201502,20150222,,3
96154  ,201502,20150223,,1
96154  ,201502,20150225,,1
96154  ,201502,20150226,,1
96154  ,201502,20150227,1,1
96154  ,201502,20150228,2,2
96154  ,201503,20150301,4,40
96154  ,201503,20150302,,2
96154  ,201503,20150304,1,5
96154  ,201503,20150305,,5
97034  ,201501,20150102,3,9
97034  ,201501,20150103,,5
97034  ,201501,20150105,2,5
97034  ,201501,20150106,,2
97034  ,201501,20150107,1,4
97034  ,201501,20150108,,4
97034  ,201501,20150109,,2
97034  ,201501,20150110,2,6
97034  ,201501,20150111,,3
97034  ,201501,20150112,1,4
97034  ,201501,20150113,2,6
97034  ,201501,20150114,2,13
97034  ,201501,20150115,1,8
97034  ,201501,20150116,,6
97034  ,201501,20150117,4,12
97034  ,201501,20150119,1,6
97034  ,201501,20150120,11,16
97034  ,201501,20150121,3,13
97034  ,201501,20150122,3,15
97034  ,201501,20150123,2,14
97034  ,201501,20150124,4,12
97034  ,201501,20150126,3,18
97034  ,201501,20150127,5,17
97034  ,201501,20150128,,6
97034  ,201501,20150129,,4
97034  ,201501,20150130,2,14
97034  ,201501,20150131,5,18
97034  ,201502,20150202,,7
97034  ,201502,20150203,6,16
97034  ,201502,20150204,3,9
97034  ,201502,20150205,2,7
97034  ,201502,20150206,,2
97034  ,201502,20150207,,2
97034  ,201502,20150208,,9
97034  ,201502,20150209,,1
97034  ,201502,20150210,,1
97034  ,201502,20150212,7,19
97034  ,201502,20150216,2,8
97034  ,201502,20150217,,18
97034  ,201502,20150224,2,10
97034  ,201502,20150225,,1
97034  ,201502,20150226,,2
97034  ,201503,20150302,,2
97034  ,201503,20150303,3,6
97034  ,201503,20150304,11,27
97034  ,201503,20150305,,2
97034  ,201503,20150306,,1
97034  ,201503,20150307,,4
97065  ,201501,20150105,,18
97065  ,201501,20150107,,28
97065  ,201501,20150109,,38
97065  ,201501,20150112,,29
97065  ,201501,20150113,,9
97065  ,201501,20150114,,43
97065  ,201501,20150115,,13
97065  ,201501,20150116,5,26
97065  ,201501,20150118,,7
97065  ,201501,20150119,,28
97065  ,201501,20150121,,18
97065  ,201501,20150122,,15
97065  ,201501,20150123,,6
97065  ,201501,20150124,,16
97065  ,201501,20150126,6,47
97065  ,201501,20150128,,45
97065  ,201501,20150129,,32
97065  ,201502,20150202,,26
97065  ,201502,20150203,,9
97065  ,201502,20150204,,21
97065  ,201502,20150205,,41
97065  ,201502,20150206,,6
97065  ,201502,20150209,,36
97065  ,201502,20150211,,22
97065  ,201502,20150212,,28
97065  ,201502,20150213,,30
97065  ,201502,20150216,,12
97065  ,201502,20150223,,37
97065  ,201502,20150225,,47
97065  ,201502,20150226,,31
97065  ,201502,20150227,,11
97065  ,201502,20150228,,11
97065  ,201503,20150302,,8
97065  ,201503,20150304,,16
97065  ,201503,20150305,,14
97065  ,201503,20150306,,22
97097  ,201501,20150101,,1
97097  ,201501,20150123,,2
97097  ,201501,20150127,,10
97097  ,201501,20150128,,8
97097  ,201501,20150131,,8
97097  ,201502,20150202,,1
97122  ,201501,20150101,1,29
97122  ,201501,20150102,,4
97122  ,201501,20150103,1,20
97122  ,201501,20150104,,30
97122  ,201501,20150105,,2
97122  ,201501,20150106,,3
97122  ,201501,20150107,,15
97122  ,201501,20150112,,14
97122  ,201501,20150113,1,40
97122  ,201501,20150114,,2
97122  ,201501,20150115,1,23
97122  ,201501,20150116,1,8
97122  ,201501,20150119,2,6
97122  ,201501,20150120,1,4
97122  ,201501,20150121,2,12
97122  ,201501,20150122,45,81
97122  ,201501,20150123,8,24
97122  ,201501,20150124,3,13
97122  ,201501,20150126,3,12
97122  ,201501,20150127,8,14
97122  ,201501,20150128,5,13
97122  ,201501,20150129,27,47
97122  ,201501,20150130,8,30
97122  ,201501,20150131,7,29
97122  ,201502,20150201,3,26
97122  ,201502,20150202,1,9
97122  ,201502,20150203,1,5
97122  ,201502,20150205,1,7
97122  ,201502,20150206,4,24
97122  ,201502,20150207,4,9
97122  ,201502,20150209,3,11
97122  ,201502,20150210,,10
97122  ,201502,20150211,,12
97122  ,201502,20150212,,16
97122  ,201502,20150213,5,24
97122  ,201502,20150214,1,18
97122  ,201502,20150216,6,28
97122  ,201502,20150217,11,29
97122  ,201502,20150218,,6
97122  ,201502,20150219,8,21
97122  ,201502,20150220,3,8
97122  ,201502,20150226,,10
97122  ,201502,20150227,6,24
97122  ,201502,20150228,,4
97122  ,201503,20150301,13,35
97122  ,201503,20150302,7,25
97122  ,201503,20150303,,6
97156  ,201502,20150204,,2
98032  ,201501,20150104,,4
98032  ,201501,20150105,1,6
98032  ,201501,20150109,1,6
98032  ,201501,20150112,1,9
98032  ,201501,20150113,1,5
98032  ,201501,20150115,1,8
98032  ,201501,20150117,1,9
98032  ,201501,20150119,2,13
98032  ,201501,20150123,1,10
98032  ,201502,20150208,1,40
98032  ,201502,20150209,2,11
98032  ,201502,20150216,1,10
98032  ,201502,20150222,,5
98032  ,201502,20150223,1,7
98032  ,201502,20150224,1,6
98032  ,201502,20150225,,2
98032  ,201503,20150304,1,6
98032  ,201503,20150308,,10
98053  ,201501,20150102,1,28
98053  ,201501,20150105,3,51
98053  ,201501,20150106,,19
98053  ,201501,20150107,,40
98053  ,201501,20150109,1,13
98053  ,201501,20150112,,1
98053  ,201501,20150113,,17
98053  ,201501,20150114,,19
98053  ,201501,20150115,,30
98053  ,201501,20150116,2,76
98053  ,201501,20150119,,22
98053  ,201501,20150120,2,22
98053  ,201501,20150121,5,82
98053  ,201501,20150122,,13
98053  ,201501,20150123,,6
98053  ,201501,20150126,,15
98053  ,201501,20150128,,9
98053  ,201501,20150129,,26
98053  ,201501,20150130,,26
98053  ,201501,20150131,2,54
98053  ,201502,20150202,,7
98053  ,201502,20150203,,2
98053  ,201502,20150204,3,57
98053  ,201502,20150205,,1
98053  ,201502,20150206,2,30
98053  ,201502,20150207,7,96
98053  ,201502,20150209,,2
98053  ,201502,20150210,,3
98053  ,201502,20150211,,2
98053  ,201502,20150212,3,76
98053  ,201502,20150213,,10
98053  ,201502,20150216,,7
98053  ,201502,20150217,1,20
98053  ,201502,20150224,1,37
98053  ,201502,20150225,,13
98053  ,201502,20150226,,9
98053  ,201502,20150227,3,77
98053  ,201503,20150302,2,27
98053  ,201503,20150303,2,29
98053  ,201503,20150304,1,16
98053  ,201503,20150305,,24
98053  ,201503,20150306,,20
98055  ,201501,20150101,,5
98055  ,201501,20150102,2,13
98055  ,201501,20150105,,21
98055  ,201501,20150106,2,21
98055  ,201501,20150107,1,16
98055  ,201501,20150108,,10
98055  ,201501,20150109,1,10
98055  ,201501,20150110,,11
98055  ,201501,20150111,1,12
98055  ,201501,20150112,,5
98055  ,201501,20150114,1,8
98055  ,201501,20150115,,24
98055  ,201501,20150116,1,10
98055  ,201501,20150119,,15
98055  ,201501,20150120,1,13
98055  ,201501,20150121,2,18
98055  ,201501,20150123,2,21
98055  ,201501,20150126,,16
98055  ,201501,20150127,1,9
98055  ,201501,20150128,3,27
98055  ,201501,20150129,,15
98055  ,201501,20150130,1,9
98055  ,201502,20150201,2,12
98055  ,201502,20150202,,13
98055  ,201502,20150203,,7
98055  ,201502,20150204,2,28
98055  ,201502,20150205,,2
98055  ,201502,20150206,3,28
98055  ,201502,20150209,,5
98055  ,201502,20150210,1,5
98055  ,201502,20150212,,5
98055  ,201502,20150223,,34
98055  ,201502,20150224,3,21
98055  ,201502,20150225,2,22
98055  ,201502,20150226,,20
98055  ,201503,20150302,2,35
98055  ,201503,20150303,3,31
98055  ,201503,20150304,3,42
98055  ,201503,20150306,4,27
98055  ,201503,20150307,,9
98055  ,201503,20150308,,6
99142  ,201501,20150102,3,21
99142  ,201501,20150103,1,6
99142  ,201501,20150105,1,5
99142  ,201501,20150106,1,9
99142  ,201501,20150107,3,17
99142  ,201501,20150108,,4
99142  ,201501,20150109,2,11
99142  ,201501,20150110,3,21
99142  ,201501,20150112,1,12
99142  ,201501,20150113,1,8
99142  ,201501,20150114,1,7
99142  ,201501,20150115,,3
99142  ,201501,20150116,,3
99142  ,201501,20150117,,2
99142  ,201501,20150119,1,12
99142  ,201501,20150120,4,6
99142  ,201501,20150121,3,8
99142  ,201501,20150122,1,6
99142  ,201501,20150123,,4
99142  ,201501,20150124,,6
99142  ,201501,20150125,,1
99142  ,201501,20150126,4,15
99142  ,201501,20150127,2,3
99142  ,201501,20150128,8,19
99142  ,201501,20150129,5,20
99142  ,201501,20150130,8,28
99142  ,201501,20150131,3,15
99142  ,201502,20150202,2,6
99142  ,201502,20150203,7,25
99142  ,201502,20150204,1,2
99142  ,201502,20150205,4,4
99142  ,201502,20150206,1,5
99142  ,201502,20150207,1,2
99142  ,201502,20150209,5,12
99142  ,201502,20150210,1,5
99142  ,201502,20150211,2,18
99142  ,201502,20150212,,1
99142  ,201502,20150220,26,109
99142  ,201502,20150221,4,25
99142  ,201502,20150222,1,10
99142  ,201502,20150223,1,4
99142  ,201502,20150224,21,63
99142  ,201502,20150225,13,38
99142  ,201502,20150226,1,7
99142  ,201502,20150227,5,16
99142  ,201502,20150228,3,15
99142  ,201503,20150302,5,19
99142  ,201503,20150303,2,3
99142  ,201503,20150304,3,10
99142  ,201503,20150305,2,5
99142  ,201503,20150306,2,4
99142  ,201503,20150307,5,15
99235  ,201501,20150106,3,16
99235  ,201501,20150107,5,26
99235  ,201501,20150109,1,10
99235  ,201501,20150110,,3
99235  ,201501,20150112,1,18
99235  ,201501,20150113,2,6
99235  ,201501,20150114,,3
99235  ,201501,20150115,,8
99235  ,201501,20150117,,6
99235  ,201501,20150120,1,8
99235  ,201501,20150121,3,20
99235  ,201501,20150122,2,20
99235  ,201502,20150202,1,19
99235  ,201502,20150203,,6
99235  ,201502,20150204,1,6
99235  ,201502,20150205,,28
99235  ,201502,20150206,1,8
99235  ,201502,20150207,1,9
99235  ,201502,20150208,,6
99235  ,201502,20150210,,4
99235  ,201502,20150211,1,9
99235  ,201502,20150212,,9
99235  ,201502,20150216,,12
99235  ,201502,20150223,1,22
99235  ,201502,20150225,,6
99235  ,201503,20150302,,26
99235  ,201503,20150303,1,7
99235  ,201503,20150304,1,8
99235  ,201503,20150305,1,9
99235  ,201503,20150306,1,19
99235  ,201503,20150308,,3
